Entity Name,Asset Name,Date,OIL - Resolver,GAS - Resolver,Oil - NRI - Resolver,Gas - NRI - Resolver
APRICOT 0328-02H,EOG Apricot-Wayzetta,2024-11-01,12750.42,7830.78,229.77531882,141.11848638
APRICOT 0328-02H,EOG Apricot-Wayzetta,2024-12-01,17406.65,11327.92,313.68523965,204.14044632
APRICOT 0328-02H,EOG Apricot-Wayzetta,2025-01-01,14967.89,9348.82,269.73634569,168.47508522
APRICOT 0328-02H,EOG Apricot-Wayzetta,2025-02-01,18411.98,14060.7,331.80229158,253.3878747
APRICOT 0328-02H,EOG Apricot-Wayzetta,2025-03-01,17463,15342.96,314.700723,276.49548216
APRICOT 0328-02H,EOG Apricot-Wayzetta,2025-04-01,21059.56,19481.59,379.51433076,351.07773339
APRICOT 0328-02H,EOG Apricot-Wayzetta,2025-05-01,13330.8,13989.64,240.2343468,252.10730244
APRICOT 0328-02H,EOG Apricot-Wayzetta,2025-06-01,21646.11,24166.11,390.08454831,435.49746831
APRICOT 0328-02H,EOG Apricot-Wayzetta,2025-07-01,19808.92,25834.76,356.97654732,465.56820996
APRICOT 0328-02H,EOG Apricot-Wayzetta,2025-08-01,18530.28,25989.9,333.93417588,468.3639879
APRICOT 0328-02H,EOG Apricot-Wayzetta,2025-09-01,16845.33,24757.75,303.56969193,446.15941275
APRICOT 0328-02H,EOG Apricot-Wayzetta,2025-10-01,14805.33,22950.75,266.80685193,413.59546575
APRICOT 0328-02H,EOG Apricot-Wayzetta,2025-11-01,14960.46,27114.34,269.60244966,488.62752114
APRICOT 0328-02H,EOG Apricot-Wayzetta,2025-12-01,14580.2,28077.93,262.7497842,505.99237653
APRICOT 0328-02H,EOG Apricot-Wayzetta,2026-01-01,14013.6,26869.93,252.5390856,484.22300853
APRICOT 0328-02H,EOG Apricot-Wayzetta,2026-02-01,11375.84,23277.73,205.00401264,419.48797233
APRICOT 0328-02H,EOG Apricot-Wayzetta,2026-03-01,11754.4,25234.83,211.8260424,454.75687143
APRICOT 0328-02H,EOG Apricot-Wayzetta,2026-04-01,4635.48,10387.29,83.53598508,187.18935309
APRICOT 0332-01H,EOG Apricot-Wayzetta,2024-11-01,22487.87,17368.19,405.25390527,312.99215199
APRICOT 0332-01H,EOG Apricot-Wayzetta,2024-12-01,30457.52,23287.58,548.87496792,419.66547918
APRICOT 0332-01H,EOG Apricot-Wayzetta,2025-01-01,30231.56,23124.76,544.80294276,416.73129996
APRICOT 0332-01H,EOG Apricot-Wayzetta,2025-02-01,37993.34,35638.71,684.67798014,642.24519291
APRICOT 0332-01H,EOG Apricot-Wayzetta,2025-03-01,36696,40216.8,661.298616,724.7469528
APRICOT 0332-01H,EOG Apricot-Wayzetta,2025-04-01,38128.84,43686.29,687.11982564,787.27063209
APRICOT 0332-01H,EOG Apricot-Wayzetta,2025-05-01,24814.53,33885.59,447.18264513,610.65221739
APRICOT 0332-01H,EOG Apricot-Wayzetta,2025-06-01,34689.97,47750.94,625.14794937,860.51968974
APRICOT 0332-01H,EOG Apricot-Wayzetta,2025-07-01,30415.81,51033.77,548.12331201,919.67956917
APRICOT 0332-01H,EOG Apricot-Wayzetta,2025-08-01,27026.14,49729.92,487.03806894,896.18288832
APRICOT 0332-01H,EOG Apricot-Wayzetta,2025-09-01,23759.74,45990.84,428.17427454,828.80092764
APRICOT 0332-01H,EOG Apricot-Wayzetta,2025-10-01,21443.54,44388.79,386.43403434,799.93038459
APRICOT 0332-01H,EOG Apricot-Wayzetta,2025-11-01,18413.1,41127.08,331.8224751,741.15110868
APRICOT 0332-01H,EOG Apricot-Wayzetta,2025-12-01,17910.56,42419.78,322.76620176,764.44685538
APRICOT 0332-01H,EOG Apricot-Wayzetta,2026-01-01,6833.42,19765.49,123.14506182,356.19389529
APRICOT 0332-01H,EOG Apricot-Wayzetta,2026-02-01,15639.5,33618.69,281.8394295,605.84241249
APRICOT 0332-01H,EOG Apricot-Wayzetta,2026-03-01,16282.71,39444.87,293.43071691,710.83600227
APRICOT 0332-01H,EOG Apricot-Wayzetta,2026-04-01,6282.68,17241.61,113.22017628,310.71105381
ARCHERFIELD 5602 43-16 2BX,Archerfield-Berwick,2024-02-01,3900.99,2643.33,26.2926726,17.8160442
ARCHERFIELD 5602 43-16 2BX,Archerfield-Berwick,2024-03-01,20452.87,10738.56,137.8523438,72.3778944
ARCHERFIELD 5602 43-16 2BX,Archerfield-Berwick,2024-04-01,24925.78,13192.35,167.9997572,88.916439
ARCHERFIELD 5602 43-16 2BX,Archerfield-Berwick,2024-05-01,18582.74,14258.73,125.2476676,96.1038402
ARCHERFIELD 5602 43-16 2BX,Archerfield-Berwick,2024-06-01,15124,9086,101.93576,61.23964
ARCHERFIELD 5602 43-16 2BX,Archerfield-Berwick,2024-07-01,15701.05,10169.95,105.825077,68.545463
ARCHERFIELD 5602 43-16 2BX,Archerfield-Berwick,2024-08-01,13718.98,8933.83,92.4659252,60.2140142
ARCHERFIELD 5602 43-16 2BX,Archerfield-Berwick,2024-09-01,14134.08,9225.4,95.2636992,62.179196
ARCHERFIELD 5602 43-16 2BX,Archerfield-Berwick,2024-10-01,12327.04,9314.4,83.0842496,62.779056
ARCHERFIELD 5602 43-16 2BX,Archerfield-Berwick,2024-11-01,10487.44,8137.68,70.6853456,54.8479632
ARCHERFIELD 5602 43-16 2BX,Archerfield-Berwick,2024-12-01,13460.51,9749.55,90.7238374,65.711967
ARCHERFIELD 5602 43-16 2BX,Archerfield-Berwick,2025-01-01,11032.81,9331.45,74.3611394,62.893973
ARCHERFIELD 5602 43-16 2BX,Archerfield-Berwick,2025-02-01,9349.6,7060.12,63.016304,47.5852088
ARCHERFIELD 5602 43-16 2BX,Archerfield-Berwick,2025-03-01,4320.68,2965.4,29.1213832,19.986796
ARCHERFIELD 5602 43-16 2BX,Archerfield-Berwick,2025-04-01,9350.36,9400.61,63.0214264,63.3601114
ARCHERFIELD 5602 43-16 2BX,Archerfield-Berwick,2025-05-01,10492.81,10375.07,70.7215394,69.9279718
ARCHERFIELD 5602 43-16 2BX,Archerfield-Berwick,2025-06-01,8419.41,10663.37,56.7468234,71.8711138
ARCHERFIELD 5602 43-16 2BX,Archerfield-Berwick,2025-07-01,8565.67,13713.5,57.7326158,92.42899
ARCHERFIELD 5602 43-16 2BX,Archerfield-Berwick,2025-08-01,7433.66,12496.84,50.1028684,84.2287016
ARCHERFIELD 5602 43-16 2BX,Archerfield-Berwick,2025-09-01,6706,11956.93,45.19844,80.5897082
ARCHERFIELD 5602 43-16 2BX,Archerfield-Berwick,2025-10-01,6239.61,13008.57,42.0549714,87.6777618
ARCHERFIELD 5602 43-16 2BX,Archerfield-Berwick,2025-11-01,2006.28,5052.78,13.5223272,34.0557372
ARCHERFIELD 5602 43-16 2BX,Archerfield-Berwick,2025-12-01,0,0,0,0
ARCHERFIELD 5602 43-16 2BX,Archerfield-Berwick,2026-01-01,0,0,0,0
ARCHERFIELD 5602 43-16 2BX,Archerfield-Berwick,2026-02-01,0,0,0,0
ARCHERFIELD 5602 43-16 2BX,Archerfield-Berwick,2026-03-01,4818,6893,32.47332,46.45882
ARCHERFIELD 5602 43-16 2BX,Archerfield-Berwick,2026-04-01,1719.22,1362.75,11.5875428,9.184935
ARCHERFIELD 6502 43-16 3B,Archerfield-Berwick,2024-03-01,19009,13071,57.59727,39.60513
ARCHERFIELD 6502 43-16 3B,Archerfield-Berwick,2024-04-01,15403,8978,46.67109,27.20334
ARCHERFIELD 6502 43-16 3B,Archerfield-Berwick,2024-05-01,15587,10827,47.22861,32.80581
ARCHERFIELD 6502 43-16 3B,Archerfield-Berwick,2024-06-01,12317,8484,37.32051,25.70652
ARCHERFIELD 6502 43-16 3B,Archerfield-Berwick,2024-07-01,14817,10382,44.89551,31.45746
ARCHERFIELD 6502 43-16 3B,Archerfield-Berwick,2024-08-01,13213,9161,40.03539,27.75783
ARCHERFIELD 6502 43-16 3B,Archerfield-Berwick,2024-09-01,12953,9043,39.24759,27.40029
ARCHERFIELD 6502 43-16 3B,Archerfield-Berwick,2024-10-01,14577,10586,44.16831,32.07558
ARCHERFIELD 6502 43-16 3B,Archerfield-Berwick,2024-11-01,12828,8845,38.86884,26.80035
ARCHERFIELD 6502 43-16 3B,Archerfield-Berwick,2024-12-01,13516,10411,40.95348,31.54533
ARCHERFIELD 6502 43-16 3B,Archerfield-Berwick,2025-01-01,11031,9631,33.42393,29.18193
ARCHERFIELD 6502 43-16 3B,Archerfield-Berwick,2025-02-01,10034,10098,30.40302,30.59694
ARCHERFIELD 6502 43-16 3B,Archerfield-Berwick,2025-03-01,7800,8289,23.634,25.11567
ARCHERFIELD 6502 43-16 3B,Archerfield-Berwick,2025-04-01,5903,7862,17.88609,23.82186
ARCHERFIELD 6502 43-16 3B,Archerfield-Berwick,2025-05-01,7556,9953,22.89468,30.15759
ARCHERFIELD 6502 43-16 3B,Archerfield-Berwick,2025-06-01,6417,9000,19.44351,27.27
ARCHERFIELD 6502 43-16 3B,Archerfield-Berwick,2025-07-01,6376,9791,19.31928,29.66673
ARCHERFIELD 6502 43-16 3B,Archerfield-Berwick,2025-08-01,5750,9140,17.4225,27.6942
ARCHERFIELD 6502 43-16 3B,Archerfield-Berwick,2025-09-01,5061,8285,15.33483,25.10355
ARCHERFIELD 6502 43-16 3B,Archerfield-Berwick,2025-10-01,4941,8178,14.97123,24.77934
ARCHERFIELD 6502 43-16 3B,Archerfield-Berwick,2025-11-01,1400,2374,4.242,7.19322
ARCHERFIELD 6502 43-16 3B,Archerfield-Berwick,2025-12-01,0,0,0,0
ARCHERFIELD 6502 43-16 3B,Archerfield-Berwick,2026-01-01,3853,3403,11.67459,10.31109
ARCHERFIELD 6502 43-16 3B,Archerfield-Berwick,2026-02-01,4882,8193,14.79246,24.82479
ARCHERFIELD 6502 43-16 3B,Archerfield-Berwick,2026-03-01,4072,7561,12.33816,22.90983
ARCHERFIELD 6502 43-16 4B,Archerfield-Berwick,2024-03-01,19043,15032,57.70029,45.54696
ARCHERFIELD 6502 43-16 4B,Archerfield-Berwick,2024-04-01,17549,9871,53.17347,29.90913
ARCHERFIELD 6502 43-16 4B,Archerfield-Berwick,2024-05-01,16879,11698,51.14337,35.44494
ARCHERFIELD 6502 43-16 4B,Archerfield-Berwick,2024-06-01,14099,9108,42.71997,27.59724
ARCHERFIELD 6502 43-16 4B,Archerfield-Berwick,2024-07-01,15445,10395,46.79835,31.49685
ARCHERFIELD 6502 43-16 4B,Archerfield-Berwick,2024-08-01,15278,10341,46.29234,31.33323
ARCHERFIELD 6502 43-16 4B,Archerfield-Berwick,2024-09-01,14797,10320,44.83491,31.2696
ARCHERFIELD 6502 43-16 4B,Archerfield-Berwick,2024-10-01,13520,10566,40.9656,32.01498
ARCHERFIELD 6502 43-16 4B,Archerfield-Berwick,2024-11-01,11403,8687,34.55109,26.32161
ARCHERFIELD 6502 43-16 4B,Archerfield-Berwick,2024-12-01,12494,10238,37.85682,31.02114
ARCHERFIELD 6502 43-16 4B,Archerfield-Berwick,2025-01-01,10802,11281,32.73006,34.18143
ARCHERFIELD 6502 43-16 4B,Archerfield-Berwick,2025-02-01,4847,3543,14.68641,10.73529
ARCHERFIELD 6502 43-16 4B,Archerfield-Berwick,2025-03-01,2172,1464,6.58116,4.43592
ARCHERFIELD 6502 43-16 4B,Archerfield-Berwick,2025-04-01,17000,16334,51.51,49.49202
ARCHERFIELD 6502 43-16 4B,Archerfield-Berwick,2025-05-01,8612,7409,26.09436,22.44927
ARCHERFIELD 6502 43-16 4B,Archerfield-Berwick,2025-06-01,8399,9326,25.44897,28.25778
ARCHERFIELD 6502 43-16 4B,Archerfield-Berwick,2025-07-01,7982,10498,24.18546,31.80894
ARCHERFIELD 6502 43-16 4B,Archerfield-Berwick,2025-08-01,6159,7998,18.66177,24.23394
ARCHERFIELD 6502 43-16 4B,Archerfield-Berwick,2025-09-01,6536,10254,19.80408,31.06962
ARCHERFIELD 6502 43-16 4B,Archerfield-Berwick,2025-10-01,6080,9885,18.4224,29.95155
ARCHERFIELD 6502 43-16 4B,Archerfield-Berwick,2025-11-01,1375,2342,4.16625,7.09626
ARCHERFIELD 6502 43-16 4B,Archerfield-Berwick,2025-12-01,5320,4383,16.1196,13.28049
ARCHERFIELD 6502 43-16 4B,Archerfield-Berwick,2026-01-01,6371,7169,19.30413,21.72207
ARCHERFIELD 6502 43-16 4B,Archerfield-Berwick,2026-02-01,0,0,0,0
ARCHERFIELD 6502 43-16 4B,Archerfield-Berwick,2026-03-01,3769,3736,11.42007,11.32008
ARCHERFIELD 6502 43-16 5BX,Archerfield-Berwick,2024-02-01,4453,1228,28.76638,7.93288
ARCHERFIELD 6502 43-16 5BX,Archerfield-Berwick,2024-03-01,18433,11532,119.07718,74.49672
ARCHERFIELD 6502 43-16 5BX,Archerfield-Berwick,2024-04-01,15641,9317,101.04086,60.18782
ARCHERFIELD 6502 43-16 5BX,Archerfield-Berwick,2024-05-01,14551,10448,93.99946,67.49408
ARCHERFIELD 6502 43-16 5BX,Archerfield-Berwick,2024-06-01,14211,9382,91.80306,60.60772
ARCHERFIELD 6502 43-16 5BX,Archerfield-Berwick,2024-07-01,14245,10207,92.0227,65.93722
ARCHERFIELD 6502 43-16 5BX,Archerfield-Berwick,2024-08-01,13409,9524,86.62214,61.52504
ARCHERFIELD 6502 43-16 5BX,Archerfield-Berwick,2024-09-01,14098,9717,91.07308,62.77182
ARCHERFIELD 6502 43-16 5BX,Archerfield-Berwick,2024-10-01,12494,8768,80.71124,56.64128
ARCHERFIELD 6502 43-16 5BX,Archerfield-Berwick,2024-11-01,10848,7582,70.07808,48.97972
ARCHERFIELD 6502 43-16 5BX,Archerfield-Berwick,2024-12-01,4489,3482,28.99894,22.49372
ARCHERFIELD 6502 43-16 5BX,Archerfield-Berwick,2025-01-01,8629,7142,55.74334,46.13732
ARCHERFIELD 6502 43-16 5BX,Archerfield-Berwick,2025-02-01,10036,9433,64.83256,60.93718
ARCHERFIELD 6502 43-16 5BX,Archerfield-Berwick,2025-03-01,10202,8520,65.90492,55.0392
ARCHERFIELD 6502 43-16 5BX,Archerfield-Berwick,2025-04-01,4564,4556,29.48344,29.43176
ARCHERFIELD 6502 43-16 5BX,Archerfield-Berwick,2025-05-01,9720,9330,62.7912,60.2718
ARCHERFIELD 6502 43-16 5BX,Archerfield-Berwick,2025-06-01,9383,10589,60.61418,68.40494
ARCHERFIELD 6502 43-16 5BX,Archerfield-Berwick,2025-07-01,9430,19895,60.9178,128.5217
ARCHERFIELD 6502 43-16 5BX,Archerfield-Berwick,2025-08-01,5363,10791,34.64498,69.70986
ARCHERFIELD 6502 43-16 5BX,Archerfield-Berwick,2025-09-01,3245,3979,20.9627,25.70434
ARCHERFIELD 6502 43-16 5BX,Archerfield-Berwick,2025-10-01,7091,9459,45.80786,61.10514
ARCHERFIELD 6502 43-16 5BX,Archerfield-Berwick,2025-11-01,2096,3249,13.54016,20.98854
ARCHERFIELD 6502 43-16 5BX,Archerfield-Berwick,2025-12-01,6485,6052,41.8931,39.09592
ARCHERFIELD 6502 43-16 5BX,Archerfield-Berwick,2026-01-01,5367,9750,34.67082,62.985
ARCHERFIELD 6502 43-16 5BX,Archerfield-Berwick,2026-02-01,1890,4496,12.2094,29.04416
ARCHERFIELD 6502 43-16 5BX,Archerfield-Berwick,2026-03-01,5281,8697,34.11526,56.18262
BERWICK 5602 13-21 2BX,Archerfield-Berwick,2024-03-01,20372,12579,150.54908,92.95881
BERWICK 5602 13-21 2BX,Archerfield-Berwick,2024-04-01,23791,14120,175.81549,104.3468
BERWICK 5602 13-21 2BX,Archerfield-Berwick,2024-05-01,19950,12817,147.4305,94.71763
BERWICK 5602 13-21 2BX,Archerfield-Berwick,2024-06-01,14677,9939,108.46303,73.44921
BERWICK 5602 13-21 2BX,Archerfield-Berwick,2024-07-01,17928,12985,132.48792,95.95915
BERWICK 5602 13-21 2BX,Archerfield-Berwick,2024-08-01,16391,12295,121.12949,90.86005
BERWICK 5602 13-21 2BX,Archerfield-Berwick,2024-09-01,13717,10496,101.36863,77.56544
BERWICK 5602 13-21 2BX,Archerfield-Berwick,2024-10-01,10139,8723,74.92721,64.46297
BERWICK 5602 13-21 2BX,Archerfield-Berwick,2024-11-01,9703,9025,71.70517,66.69475
BERWICK 5602 13-21 2BX,Archerfield-Berwick,2024-12-01,10496,10112,77.56544,74.72768
BERWICK 5602 13-21 2BX,Archerfield-Berwick,2025-01-01,10521,9631,77.75019,71.17309
BERWICK 5602 13-21 2BX,Archerfield-Berwick,2025-02-01,8909,8035,65.83751,59.37865
BERWICK 5602 13-21 2BX,Archerfield-Berwick,2025-03-01,7856,8285,58.05584,61.22615
BERWICK 5602 13-21 2BX,Archerfield-Berwick,2025-04-01,7483,7014,55.29937,51.83346
BERWICK 5602 13-21 2BX,Archerfield-Berwick,2025-05-01,10162,12927,75.09718,95.53053
BERWICK 5602 13-21 2BX,Archerfield-Berwick,2025-06-01,8949,12825,66.13311,94.77675
BERWICK 5602 13-21 2BX,Archerfield-Berwick,2025-07-01,8746,17340,64.63294,128.1426
BERWICK 5602 13-21 2BX,Archerfield-Berwick,2025-08-01,7467,16089,55.18113,118.89771
BERWICK 5602 13-21 2BX,Archerfield-Berwick,2025-09-01,6314,13096,46.66046,96.77944
BERWICK 5602 13-21 2BX,Archerfield-Berwick,2025-10-01,6026,12516,44.53214,92.49324
BERWICK 5602 13-21 2BX,Archerfield-Berwick,2025-11-01,1581,2839,11.68359,20.98021
BERWICK 5602 13-21 2BX,Archerfield-Berwick,2025-12-01,0,0,0,0
BERWICK 5602 13-21 2BX,Archerfield-Berwick,2026-01-01,0,0,0,0
BERWICK 5602 13-21 2BX,Archerfield-Berwick,2026-02-01,779,1337,5.75681,9.88043
BERWICK 5602 13-21 2BX,Archerfield-Berwick,2026-03-01,4136,4207,30.56504,31.08973
BERWICK 5602 13-21 3B,Archerfield-Berwick,2024-02-01,1690,664,8.8049,3.45944
BERWICK 5602 13-21 3B,Archerfield-Berwick,2024-03-01,21932,13620,114.26572,70.9602
BERWICK 5602 13-21 3B,Archerfield-Berwick,2024-04-01,19565,9675,101.93365,50.40675
BERWICK 5602 13-21 3B,Archerfield-Berwick,2024-05-01,20919,13021,108.98799,67.83941
BERWICK 5602 13-21 3B,Archerfield-Berwick,2024-06-01,13684,9336,71.29364,48.64056
BERWICK 5602 13-21 3B,Archerfield-Berwick,2024-07-01,16799,12723,87.52279,66.28683
BERWICK 5602 13-21 3B,Archerfield-Berwick,2024-08-01,15715,11933,81.87515,62.17093
BERWICK 5602 13-21 3B,Archerfield-Berwick,2024-09-01,14050,10871,73.2005,56.63791
BERWICK 5602 13-21 3B,Archerfield-Berwick,2024-10-01,12105,11222,63.06705,58.46662
BERWICK 5602 13-21 3B,Archerfield-Berwick,2024-11-01,9508,9692,49.53668,50.49532
BERWICK 5602 13-21 3B,Archerfield-Berwick,2024-12-01,11546,14041,60.15466,73.15361
BERWICK 5602 13-21 3B,Archerfield-Berwick,2025-01-01,10067,9891,52.44907,51.53211
BERWICK 5602 13-21 3B,Archerfield-Berwick,2025-02-01,927,814,4.82967,4.24094
BERWICK 5602 13-21 3B,Archerfield-Berwick,2025-03-01,6719,5632,35.00599,29.34272
BERWICK 5602 13-21 3B,Archerfield-Berwick,2025-04-01,6870,5503,35.7927,28.67063
BERWICK 5602 13-21 3B,Archerfield-Berwick,2025-05-01,8580,13647,44.7018,71.10087
BERWICK 5602 13-21 3B,Archerfield-Berwick,2025-06-01,6836,12093,35.61556,63.00453
BERWICK 5602 13-21 3B,Archerfield-Berwick,2025-07-01,6232,13242,32.46872,68.99082
BERWICK 5602 13-21 3B,Archerfield-Berwick,2025-08-01,5183,9887,27.00343,51.51127
BERWICK 5602 13-21 3B,Archerfield-Berwick,2025-09-01,5348,8961,27.86308,46.68681
BERWICK 5602 13-21 3B,Archerfield-Berwick,2025-10-01,4768,6439,24.84128,33.54719
BERWICK 5602 13-21 3B,Archerfield-Berwick,2025-11-01,1386,2134,7.22106,11.11814
BERWICK 5602 13-21 3B,Archerfield-Berwick,2025-12-01,4270,5631,22.2467,29.33751
BERWICK 5602 13-21 3B,Archerfield-Berwick,2026-01-01,6893,10837,35.91253,56.46077
BERWICK 5602 13-21 3B,Archerfield-Berwick,2026-02-01,3066,8896,15.97386,46.34816
BERWICK 5602 13-21 3B,Archerfield-Berwick,2026-03-01,3154,7990,16.43234,41.6279
BERWICK 5602 13-21 4B,Archerfield-Berwick,2024-03-01,18897,11621,98.45337,60.54541
BERWICK 5602 13-21 4B,Archerfield-Berwick,2024-04-01,18698,9275,97.41658,48.32275
BERWICK 5602 13-21 4B,Archerfield-Berwick,2024-05-01,16653,10116,86.76213,52.70436
BERWICK 5602 13-21 4B,Archerfield-Berwick,2024-06-01,12001,8524,62.52521,44.41004
BERWICK 5602 13-21 4B,Archerfield-Berwick,2024-07-01,16945,13091,88.28345,68.20411
BERWICK 5602 13-21 4B,Archerfield-Berwick,2024-08-01,14332,11558,74.66972,60.21718
BERWICK 5602 13-21 4B,Archerfield-Berwick,2024-09-01,14491,12021,75.49811,62.62941
BERWICK 5602 13-21 4B,Archerfield-Berwick,2024-10-01,13172,14957,68.62612,77.92597
BERWICK 5602 13-21 4B,Archerfield-Berwick,2024-11-01,11367,14341,59.22207,74.71661
BERWICK 5602 13-21 4B,Archerfield-Berwick,2024-12-01,11861,13489,61.79581,70.27769
BERWICK 5602 13-21 4B,Archerfield-Berwick,2025-01-01,9379,14523,48.86459,75.66483
BERWICK 5602 13-21 4B,Archerfield-Berwick,2025-02-01,5873,9276,30.59833,48.32796
BERWICK 5602 13-21 4B,Archerfield-Berwick,2025-03-01,4880,7017,25.4248,36.55857
BERWICK 5602 13-21 4B,Archerfield-Berwick,2025-04-01,4171,4375,21.73091,22.79375
BERWICK 5602 13-21 4B,Archerfield-Berwick,2025-05-01,7844,11028,40.86724,57.45588
BERWICK 5602 13-21 4B,Archerfield-Berwick,2025-06-01,6240,11908,32.5104,62.04068
BERWICK 5602 13-21 4B,Archerfield-Berwick,2025-07-01,5828,11603,30.36388,60.45163
BERWICK 5602 13-21 4B,Archerfield-Berwick,2025-08-01,5156,9243,26.86276,48.15603
BERWICK 5602 13-21 4B,Archerfield-Berwick,2025-09-01,4819,8739,25.10699,45.53019
BERWICK 5602 13-21 4B,Archerfield-Berwick,2025-10-01,5318,8353,27.70678,43.51913
BERWICK 5602 13-21 4B,Archerfield-Berwick,2025-11-01,1260,2458,6.5646,12.80618
BERWICK 5602 13-21 4B,Archerfield-Berwick,2025-12-01,3865,4813,20.13665,25.07573
BERWICK 5602 13-21 4B,Archerfield-Berwick,2026-01-01,6011,7930,31.31731,41.3153
BERWICK 5602 13-21 4B,Archerfield-Berwick,2026-02-01,3026,7354,15.76546,38.31434
BERWICK 5602 13-21 4B,Archerfield-Berwick,2026-03-01,3497,8312,18.21937,43.30552
Claire 3229-01H,EOG Claire,2024-08-01,20840.41,50811.57,467.05442851,1138.73809527
Claire 3229-01H,EOG Claire,2024-09-01,9942.77,34815.48,222.82741847,780.24972228
Claire 3229-01H,EOG Claire,2024-10-01,7962.51,34838.69,178.44781161,780.76988159
Claire 3229-01H,EOG Claire,2024-11-01,6501.82,28576.14,145.71228802,640.41987354
Claire 3229-01H,EOG Claire,2024-12-01,5889.19,26605.78,131.98263709,596.26213558
Claire 3229-01H,EOG Claire,2025-01-01,5551.87,23187.48,124.42295857,519.65461428
Claire 3229-01H,EOG Claire,2025-02-01,4714.47,19267.92,105.65598717,431.81335512
Claire 3229-01H,EOG Claire,2025-03-01,4705.73,18367.84,105.46011503,411.64166224
Claire 3229-01H,EOG Claire,2025-04-01,4272.9,15774.15,191.5445759,707.02558965
Claire 3229-01H,EOG Claire,2025-05-01,4019.81,14863.48,180.18018191,666.20014328
Claire 3229-01H,EOG Claire,2025-06-01,3797.85,13039.91,85.11361635,292.23742301
Claire 3229-01H,EOG Claire,2025-07-01,3711.47,11309.1,83.17775417,253.4482401
Claire 3229-01H,EOG Claire,2025-08-01,3481.37,11121.16,78.02098307,249.23631676
Claire 3229-01H,EOG Claire,2025-09-01,3510.67,13507.04,78.67762537,302.70627344
Claire 3229-01H,EOG Claire,2025-10-01,4068.74,13280.53,91.18453214,297.62995783
Claire 3229-01H,EOG Claire,2025-11-01,3810.06,12263.97,85.38725466,274.84783167
Claire 3229-01H,EOG Claire,2025-12-01,4401.7,11547.82,98.6464987,258.79819402
Claire 3229-01H,EOG Claire,2026-01-01,4179.25,10315.81,93.66117175,231.18761791
Claire 3229-01H,EOG Claire,2026-02-01,3551.04,10434.54,79.58235744,233.84847594
Claire 3229-01H,EOG Claire,2026-03-01,3857.75,11252.26,86.45603525,252.17439886
Claire 3229-01H,EOG Claire,2026-04-01,1571.26,4107.6,35.21350786,92.0554236
Claire 3229-02H,EOG Claire,2024-08-01,19411.11,51035.65,435.02238621,1143.75995215
Claire 3229-02H,EOG Claire,2024-09-01,11818.07,42774.02,264.85476677,958.60856222
Claire 3229-02H,EOG Claire,2024-10-01,9381.39,40192.05,210.24633129,900.74403255
Claire 3229-02H,EOG Claire,2024-11-01,7389.85,34452.05,165.61392835,772.10489255
Claire 3229-02H,EOG Claire,2024-12-01,6432.13,32891.4,144.15046543,737.1291654
Claire 3229-02H,EOG Claire,2025-01-01,5876.17,30434.42,131.69084587,682.06578662
Claire 3229-02H,EOG Claire,2025-02-01,4862.83,25348.04,108.98088313,568.07492444
Claire 3229-02H,EOG Claire,2025-03-01,4803.26,24784.93,107.64585986,555.45506623
Claire 3229-02H,EOG Claire,2025-04-01,4122.61,22548.08,184.81477671,1010.64824888
Claire 3229-02H,EOG Claire,2025-05-01,4179.12,22978.66,187.31382732,1029.95711826
Claire 3229-02H,EOG Claire,2025-06-01,3294.37,15456.76,73.83012607,346.40144836
Claire 3229-02H,EOG Claire,2025-07-01,3908.54,27783.02,87.59428994,622.64526122
Claire 3229-02H,EOG Claire,2025-08-01,3355.51,22671.66,75.20033461,508.09457226
Claire 3229-02H,EOG Claire,2025-09-01,3366.15,18338.47,75.43878765,410.98345117
Claire 3229-02H,EOG Claire,2025-10-01,3944.92,18611.23,88.40960212,417.09627553
Claire 3229-02H,EOG Claire,2025-11-01,3457.46,18803.18,77.48513606,421.39806698
Claire 3229-02H,EOG Claire,2025-12-01,4127.51,17161.32,92.50162661,384.60234252
Claire 3229-02H,EOG Claire,2026-01-01,3828.66,15067.52,85.80409926,337.67819072
Claire 3229-02H,EOG Claire,2026-02-01,3133.9,12927.78,70.2338329,289.72447758
Claire 3229-02H,EOG Claire,2026-03-01,3320.46,13733.52,74.41482906,307.78191672
Claire 3229-02H,EOG Claire,2026-04-01,1440.17,4995.97,32.27564987,111.96468367
Claire 3229-09H,EOG Claire,2024-08-01,22709.27,55198.27,508.93744997,1237.04842897
Claire 3229-09H,EOG Claire,2024-09-01,13718.9,49278.41,307.4542679,1104.37844651
Claire 3229-09H,EOG Claire,2024-10-01,11119.51,47846.91,249.19933861,1072.29710001
Claire 3229-09H,EOG Claire,2024-11-01,8900,41942.01,199.4579,939.96238611
Claire 3229-09H,EOG Claire,2024-12-01,8154.75,41035.83,182.75610225,919.65398613
Claire 3229-09H,EOG Claire,2025-01-01,7264.52,35477.48,162.80515772,795.08580428
Claire 3229-09H,EOG Claire,2025-02-01,6042.77,29557.11,135.42451847,662.40439221
Claire 3229-09H,EOG Claire,2025-03-01,6070.28,27498.22,136.04104508,616.26260842
Claire 3229-09H,EOG Claire,2025-04-01,5425.13,25299.26,243.18467443,1133.95760486
Claire 3229-09H,EOG Claire,2025-05-01,4771.4,19598.87,213.8547264,878.46346457
Claire 3229-09H,EOG Claire,2025-06-01,4758.88,25383.34,106.65125968,568.86603274
Claire 3229-09H,EOG Claire,2025-07-01,4572.24,25184.21,102.46847064,564.40333031
Claire 3229-09H,EOG Claire,2025-08-01,4260.07,24506.56,95.47242877,549.21651616
Claire 3229-09H,EOG Claire,2025-09-01,4227.94,21313.56,94.75236334,477.65819316
Claire 3229-09H,EOG Claire,2025-10-01,4905,22551.46,109.925955,505.40077006
Claire 3229-09H,EOG Claire,2025-11-01,4368.16,21335.02,97.89483376,478.13913322
Claire 3229-09H,EOG Claire,2025-12-01,5102.69,20744.62,114.35638559,464.90767882
Claire 3229-09H,EOG Claire,2026-01-01,4707.48,18839.69,105.49933428,422.21629259
Claire 3229-09H,EOG Claire,2026-02-01,3905.85,16636.11,87.53400435,372.83186121
Claire 3229-09H,EOG Claire,2026-03-01,4099.27,17637.03,91.86873997,395.26347933
Claire 3229-09H,EOG Claire,2026-04-01,1698.91,7169.36,38.07427201,160.67252696
Claire 3229-10H,EOG Claire,2024-08-01,27938.61,48323.27,626.13218871,1082.97280397
Claire 3229-10H,EOG Claire,2024-09-01,14425.36,37555.58,323.28674296,841.65810338
Claire 3229-10H,EOG Claire,2024-10-01,11462.54,37361.62,256.88698394,837.31126582
Claire 3229-10H,EOG Claire,2024-11-01,9812.3,31386.64,219.9034553,703.40598904
Claire 3229-10H,EOG Claire,2024-12-01,9200.04,31279.35,206.18209644,701.00151285
Claire 3229-10H,EOG Claire,2025-01-01,8244.98,29216.01,184.77824678,654.76000011
Claire 3229-10H,EOG Claire,2025-02-01,6473.63,25545.66,145.08052193,572.50378626
Claire 3229-10H,EOG Claire,2025-03-01,7086.25,25364.85,158.80994875,568.45165335
Claire 3229-10H,EOG Claire,2025-04-01,6035,23913.76,270.523181,1071.86792936
Claire 3229-10H,EOG Claire,2025-05-01,6020.17,20899.53,269.83224987,936.76926683
Claire 3229-10H,EOG Claire,2025-06-01,5157.5,18162.95,115.5847325,407.04987245
Claire 3229-10H,EOG Claire,2025-07-01,4933.36,17653.54,110.56153096,395.63348494
Claire 3229-10H,EOG Claire,2025-08-01,4693.61,17113.58,105.18849371,383.53244138
Claire 3229-10H,EOG Claire,2025-09-01,4637.33,15993.24,103.92720263,358.42450164
Claire 3229-10H,EOG Claire,2025-10-01,5460.96,15176.35,122.38557456,340.11717985
Claire 3229-10H,EOG Claire,2025-11-01,4949.93,16439.11,110.93288123,368.41689421
Claire 3229-10H,EOG Claire,2025-12-01,5704.89,15474.22,127.85228979,346.79274442
Claire 3229-10H,EOG Claire,2026-01-01,5495.89,13616.13,123.16839079,305.15108943
Claire 3229-10H,EOG Claire,2026-02-01,4726.83,12268.51,105.93298713,274.94957761
Claire 3229-10H,EOG Claire,2026-03-01,5449.67,11907.9,122.13255437,266.8679469
Claire 3229-10H,EOG Claire,2026-04-01,2088.76,3951.33,46.81120036,88.55325663
Collie 13-25 5H XE,Zavanna Collie,2024-12-01,23479,21189,244.627701,220.768191
Collie 13-25 5H XE,Zavanna Collie,2025-01-01,35989,35291,374.969391,367.696929
Collie 13-25 5H XE,Zavanna Collie,2025-02-01,25355,30748,264.173745,320.363412
Collie 13-25 5H XE,Zavanna Collie,2025-03-01,20768,27275,216.381792,284.178225
Collie 13-25 5H XE,Zavanna Collie,2025-04-01,19334,28382,201.440946,295.712058
Collie 13-25 5H XE,Zavanna Collie,2025-05-01,18641,28016,194.220579,291.898704
Collie 13-25 5H XE,Zavanna Collie,2025-06-01,16561,28750,172.549059,299.54625
Collie 13-25 5H XE,Zavanna Collie,2025-07-01,7458,9701,77.704902,101.074719
Collie 13-25 5H XE,Zavanna Collie,2025-08-01,15543,26005,161.942517,270.946095
Collie 13-25 5H XE,Zavanna Collie,2025-09-01,12133,27724,126.413727,288.856356
Collie 13-25 5H XE,Zavanna Collie,2025-10-01,8493,11506,88.488567,119.881014
Collie 13-25 5H XE,Zavanna Collie,2025-11-01,7872,16532,82.018368,172.246908
Collie 13-25 5H XE,Zavanna Collie,2025-12-01,8742,17063,91.082898,177.779397
Collie 13-25 5H XE,Zavanna Collie,2026-01-01,6969,13536,72.610011,141.031584
Collie 13-25 5H XE,Zavanna Collie,2026-02-01,5288,8677,55.095672,90.405663
Collie 13-25 5H XE,Zavanna Collie,2026-03-01,5967,10083,62.170173,105.054777
Denver Fed 3671-7-19-14W NH,AEC 12-well,2023-11-01,16824,13902,16.201512,13.387626
Denver Fed 3671-7-19-14W NH,AEC 12-well,2023-12-01,20846,20110,20.074698,19.36593
Denver Fed 3671-7-19-14W NH,AEC 12-well,2024-01-01,15411,23691,14.840793,22.814433
Denver Fed 3671-7-19-14W NH,AEC 12-well,2024-02-01,10606,20082,10.213578,19.338966
Denver Fed 3671-7-19-14W NH,AEC 12-well,2024-03-01,9921,19818,9.553923,19.084734
Denver Fed 3671-7-19-14W NH,AEC 12-well,2024-04-01,9632,22597,9.275616,21.760911
Denver Fed 3671-7-19-14W NH,AEC 12-well,2024-05-01,7100,14784,6.8373,14.236992
Denver Fed 3671-7-19-14W NH,AEC 12-well,2024-06-01,6991,16750,6.732333,16.13025
Denver Fed 3671-7-19-14W NH,AEC 12-well,2024-07-01,4928,12080,4.745664,11.63304
Denver Fed 3671-7-19-14W NH,AEC 12-well,2024-08-01,5407,14751,5.206941,14.205213
Denver Fed 3671-7-19-14W NH,AEC 12-well,2024-09-01,5904,14467,5.685552,13.931721
Denver Fed 3671-7-19-14W NH,AEC 12-well,2024-10-01,4695,12451,4.521285,11.990313
Denver Fed 3671-7-19-14W NH,AEC 12-well,2024-11-01,4472,12638,4.306536,12.170394
Denver Fed 3671-7-19-14W NH,AEC 12-well,2024-12-01,4897,12588,4.715811,12.122244
Denver Fed 3671-7-19-14W NH,AEC 12-well,2025-01-01,3692,12820,3.555396,12.34566
Denver Fed 3671-7-19-14W NH,AEC 12-well,2025-02-01,4220,8995,4.06386,8.662185
Denver Fed 3671-7-19-14W NH,AEC 12-well,2025-03-01,4120,12244,3.96756,11.790972
Denver Fed 3671-7-19-14W NH,AEC 12-well,2025-04-01,4014,12899,3.865482,12.421737
Denver Fed 3671-7-19-14W NH,AEC 12-well,2025-05-01,3256,11249,3.135528,10.832787
Denver Fed 3671-7-19-14W NH,AEC 12-well,2025-06-01,2963,11821,2.853369,11.383623
Denver Fed 3671-7-19-14W NH,AEC 12-well,2025-07-01,2301,8771,2.215863,8.446473
Denver Fed 3671-7-19-14W NH,AEC 12-well,2025-08-01,3792,11690,3.651696,11.25747
Denver Fed 3671-7-19-14W NH,AEC 12-well,2025-09-01,5296,18143,5.100048,17.471709
Denver Fed 3671-7-19-14W NH,AEC 12-well,2025-10-01,5426,16326,5.225238,15.721938
Denver Fed 3671-7-19-14W NH,AEC 12-well,2025-11-01,3032,1867,2.919816,1.797921
Denver Fed 3671-7-19-14W NH,AEC 12-well,2025-12-01,3257,2431,3.136491,2.341053
Denver Fed 3671-7-19-14W NH,AEC 12-well,2026-01-01,2389,327,2.300607,0.314901
Denver Fed 3671-7-19-14W NH,AEC 12-well,2026-02-01,2432,947,2.342016,0.911961
Eagle 4471-0508-1PH,Eagle-Emigrant,2023-06-01,0,0,0,0
Eagle 4471-0508-1PH,Eagle-Emigrant,2023-07-01,10779,2077,50.44572,9.72036
Eagle 4471-0508-1PH,Eagle-Emigrant,2023-08-01,9040,1771,42.3072,8.28828
Eagle 4471-0508-1PH,Eagle-Emigrant,2023-09-01,11552,2558,54.06336,11.97144
Eagle 4471-0508-1PH,Eagle-Emigrant,2023-10-01,8386,3009,39.24648,14.08212
Eagle 4471-0508-1PH,Eagle-Emigrant,2023-11-01,1678,510,7.85304,2.3868
Eagle 4471-0508-1PH,Eagle-Emigrant,2023-12-01,6331,2842,29.62908,13.30056
Eagle 4471-0508-1PH,Eagle-Emigrant,2024-01-01,6073,3870,28.42164,18.1116
Eagle 4471-0508-1PH,Eagle-Emigrant,2024-02-01,4971,3709,23.26428,17.35812
Eagle 4471-0508-1PH,Eagle-Emigrant,2024-03-01,4749,2740,22.22532,12.8232
Eagle 4471-0508-1PH,Eagle-Emigrant,2024-04-01,4212,2171,19.71216,10.16028
Eagle 4471-0508-1PH,Eagle-Emigrant,2024-05-01,2852,1987,13.34736,9.29916
Eagle 4471-0508-1PH,Eagle-Emigrant,2024-06-01,4285,1705,20.0538,7.9794
Eagle 4471-0508-1PH,Eagle-Emigrant,2024-07-01,3810,2175,17.8308,10.179
Eagle 4471-0508-1PH,Eagle-Emigrant,2024-08-01,3390,2072,15.8652,9.69696
Eagle 4471-0508-1PH,Eagle-Emigrant,2024-09-01,3054,1961,14.29272,9.17748
Eagle 4471-0508-1PH,Eagle-Emigrant,2024-10-01,2874,1637,13.45032,7.66116
Eagle 4471-0508-1PH,Eagle-Emigrant,2024-11-01,2824,1707,13.21632,7.98876
Eagle 4471-0508-1PH,Eagle-Emigrant,2024-12-01,2340,1402,10.9512,6.56136
Eagle 4471-0508-1PH,Eagle-Emigrant,2025-01-01,1832,992,8.57376,4.64256
Eagle 4471-0508-1PH,Eagle-Emigrant,2025-02-01,959,263,4.48812,1.23084
Eagle 4471-0508-1PH,Eagle-Emigrant,2025-03-01,2391,1087,11.18988,5.08716
Eagle 4471-0508-1PH,Eagle-Emigrant,2025-04-01,2389,1090,11.18052,5.1012
Eagle 4471-0508-1PH,Eagle-Emigrant,2025-05-01,2492,1232,11.66256,5.76576
Eagle 4471-0508-1PH,Eagle-Emigrant,2025-06-01,2132,756,9.97776,3.53808
Eagle 4471-0508-1PH,Eagle-Emigrant,2025-07-01,1866,972,8.73288,4.54896
Eagle 4471-0508-1PH,Eagle-Emigrant,2025-08-01,2435,1222,11.3958,5.71896
Eagle 4471-0508-1PH,Eagle-Emigrant,2025-09-01,2100,1204,9.828,5.63472
Eagle 4471-0508-1PH,Eagle-Emigrant,2025-10-01,1965,1199,9.1962,5.61132
Eagle 4471-0508-1PH,Eagle-Emigrant,2025-11-01,1936,1128,9.06048,5.27904
Eagle 4471-0508-1PH,Eagle-Emigrant,2025-12-01,1502,754,7.02936,3.52872
Eagle 4471-0508-1PH,Eagle-Emigrant,2026-01-01,2763,1652,12.93084,7.73136
Eagle 4471-0508-1PH,Eagle-Emigrant,2026-02-01,2216,1563,10.37088,7.31484
Elmenhorst 31-30 12N-6W 2MHX,Canadian Co PDP,2023-05-01,2668,22551,3.185592,26.925894
Elmenhorst 31-30 12N-6W 2MHX,Canadian Co PDP,2023-06-01,2443,22189,2.916942,26.493666
Elmenhorst 31-30 12N-6W 2MHX,Canadian Co PDP,2023-07-01,2288,23310,2.731872,27.83214
Elmenhorst 31-30 12N-6W 2MHX,Canadian Co PDP,2023-08-01,1965,21576,2.34621,25.761744
Elmenhorst 31-30 12N-6W 2MHX,Canadian Co PDP,2023-09-01,2178,20340,2.600532,24.28596
Elmenhorst 31-30 12N-6W 2MHX,Canadian Co PDP,2023-10-01,1600,21115,1.9104,25.21131
Elmenhorst 31-30 12N-6W 2MHX,Canadian Co PDP,2023-11-01,2042,20528,2.438148,24.510432
Elmenhorst 31-30 12N-6W 2MHX,Canadian Co PDP,2023-12-01,1746,22999,2.084724,27.460806
Elmenhorst 31-30 12N-6W 2MHX,Canadian Co PDP,2024-01-01,1075,19189,1.28355,22.911666
Elmenhorst 31-30 12N-6W 2MHX,Canadian Co PDP,2024-02-01,1600,20306,1.9104,24.245364
Elmenhorst 31-30 12N-6W 2MHX,Canadian Co PDP,2024-03-01,1406,19970,1.678764,23.84418
Elmenhorst 31-30 12N-6W 2MHX,Canadian Co PDP,2024-04-01,1682,18287,2.008308,21.834678
Elmenhorst 31-30 12N-6W 2MHX,Canadian Co PDP,2024-05-01,1278,18925,1.525932,22.59645
Elmenhorst 31-30 12N-6W 2MHX,Canadian Co PDP,2024-06-01,1546,19877,1.845924,23.733138
Elmenhorst 31-30 12N-6W 2MHX,Canadian Co PDP,2024-07-01,1229,20864,1.467426,24.911616
Elmenhorst 31-30 12N-6W 2MHX,Canadian Co PDP,2024-08-01,1321,23791,1.577274,28.406454
Elmenhorst 31-30 12N-6W 2MHX,Canadian Co PDP,2024-09-01,1043,22762,1.245342,27.177828
Elmenhorst 31-30 12N-6W 2MHX,Canadian Co PDP,2024-10-01,1435,23709,1.71339,28.308546
Elmenhorst 31-30 12N-6W 2MHX,Canadian Co PDP,2024-11-01,1048,22933,1.251312,27.382002
Elmenhorst 31-30 12N-6W 2MHX,Canadian Co PDP,2024-12-01,1257,23577,1.500858,28.150938
Elmenhorst 31-30 12N-6W 2MHX,Canadian Co PDP,2025-01-01,1057,22760,1.262058,27.17544
Elmenhorst 31-30 12N-6W 2MHX,Canadian Co PDP,2025-02-01,537,16475,0.641178,19.67115
Elmenhorst 31-30 12N-6W 2MHX,Canadian Co PDP,2025-03-01,1033,22418,1.233402,26.767092
Elmenhorst 31-30 12N-6W 2MHX,Canadian Co PDP,2025-04-01,1057,21221,1.262058,25.337874
Elmenhorst 31-30 12N-6W 2MHX,Canadian Co PDP,2025-05-01,858,20108,1.024452,24.008952
Elmenhorst 31-30 12N-6W 2MHX,Canadian Co PDP,2025-06-01,712,19582,0.850128,23.380908
Elmenhorst 31-30 12N-6W 2MHX,Canadian Co PDP,2025-07-01,843,20379,1.006542,24.332526
Elmenhorst 31-30 12N-6W 2MHX,Canadian Co PDP,2025-08-01,709,20806,0.846546,24.842364
Elmenhorst 31-30 12N-6W 2MHX,Canadian Co PDP,2025-09-01,910,19991,1.08654,23.869254
Elmenhorst 31-30 12N-6W 2MHX,Canadian Co PDP,2025-10-01,719,20589,0.858486,24.583266
Elmenhorst 31-30 12N-6W 2MHX,Canadian Co PDP,2025-11-01,703,19704,0.839382,23.526576
Elmenhorst 31-30 12N-6W 2MHX,Canadian Co PDP,2025-12-01,885,20196,1.05669,24.114024
Elmenhorst 31-30 12N-6W 2MHX,Canadian Co PDP,2026-01-01,335,17720,0.39999,21.15768
Elmenhorst 31-30 12N-6W 2MHX,Canadian Co PDP,2026-02-01,827,0,0.987438,0
Emigrant 4471-0508-1PH,Eagle-Emigrant,2023-06-01,986,163,4.61448,0.76284
Emigrant 4471-0508-1PH,Eagle-Emigrant,2023-07-01,23976,2632,112.20768,12.31776
Emigrant 4471-0508-1PH,Eagle-Emigrant,2023-08-01,18903,1682,88.46604,7.87176
Emigrant 4471-0508-1PH,Eagle-Emigrant,2023-09-01,19896,5967,93.11328,27.92556
Emigrant 4471-0508-1PH,Eagle-Emigrant,2023-10-01,14266,4764,66.76488,22.29552
Emigrant 4471-0508-1PH,Eagle-Emigrant,2023-11-01,11371,3844,53.21628,17.98992
Emigrant 4471-0508-1PH,Eagle-Emigrant,2023-12-01,9977,2482,46.69236,11.61576
Emigrant 4471-0508-1PH,Eagle-Emigrant,2024-01-01,9030,2420,42.2604,11.3256
Emigrant 4471-0508-1PH,Eagle-Emigrant,2024-02-01,7643,2465,35.76924,11.5362
Emigrant 4471-0508-1PH,Eagle-Emigrant,2024-03-01,7038,3188,32.93784,14.91984
Emigrant 4471-0508-1PH,Eagle-Emigrant,2024-04-01,5391,2043,25.22988,9.56124
Emigrant 4471-0508-1PH,Eagle-Emigrant,2024-05-01,5035,1303,23.5638,6.09804
Emigrant 4471-0508-1PH,Eagle-Emigrant,2024-06-01,5451,1704,25.51068,7.97472
Emigrant 4471-0508-1PH,Eagle-Emigrant,2024-07-01,5260,1834,24.6168,8.58312
Emigrant 4471-0508-1PH,Eagle-Emigrant,2024-08-01,4503,1559,21.07404,7.29612
Emigrant 4471-0508-1PH,Eagle-Emigrant,2024-09-01,4253,1515,19.90404,7.0902
Emigrant 4471-0508-1PH,Eagle-Emigrant,2024-10-01,3231,1012,15.12108,4.73616
Emigrant 4471-0508-1PH,Eagle-Emigrant,2024-11-01,4848,1357,22.68864,6.35076
Emigrant 4471-0508-1PH,Eagle-Emigrant,2024-12-01,4380,1642,20.4984,7.68456
Emigrant 4471-0508-1PH,Eagle-Emigrant,2025-01-01,4441,1674,20.78388,7.83432
Emigrant 4471-0508-1PH,Eagle-Emigrant,2025-02-01,2500,1064,11.7,4.97952
Emigrant 4471-0508-1PH,Eagle-Emigrant,2025-03-01,4144,1708,19.39392,7.99344
Emigrant 4471-0508-1PH,Eagle-Emigrant,2025-04-01,3945,1499,18.4626,7.01532
Emigrant 4471-0508-1PH,Eagle-Emigrant,2025-05-01,4240,1957,19.8432,9.15876
Emigrant 4471-0508-1PH,Eagle-Emigrant,2025-06-01,3671,2490,17.18028,11.6532
Emigrant 4471-0508-1PH,Eagle-Emigrant,2025-07-01,4094,2667,19.15992,12.48156
Emigrant 4471-0508-1PH,Eagle-Emigrant,2025-08-01,3749,2597,17.54532,12.15396
Emigrant 4471-0508-1PH,Eagle-Emigrant,2025-09-01,3563,2333,16.67484,10.91844
Emigrant 4471-0508-1PH,Eagle-Emigrant,2025-10-01,3344,2416,15.64992,11.30688
Emigrant 4471-0508-1PH,Eagle-Emigrant,2025-11-01,2602,1641,12.17736,7.67988
Emigrant 4471-0508-1PH,Eagle-Emigrant,2025-12-01,3480,1968,16.2864,9.21024
Emigrant 4471-0508-1PH,Eagle-Emigrant,2026-01-01,3450,2158,16.146,10.09944
Emigrant 4471-0508-1PH,Eagle-Emigrant,2026-02-01,3080,2007,14.4144,9.39276
EN-L-Cvancara-LS-155-93-2826H-,Hess Cvancara,2024-04-01,3003,2638,152.591439,134.044694
EN-L-Cvancara-LS-155-93-2826H-,Hess Cvancara,2024-05-01,19622,19481,997.052686,989.888053
EN-L-Cvancara-LS-155-93-2826H-,Hess Cvancara,2024-06-01,26100,29223,1260.721343,1453.75993
EN-L-Cvancara-LS-155-93-2826H-,Hess Cvancara,2024-07-01,32419,37291,1647.306647,1894.867583
EN-L-Cvancara-LS-155-93-2826H-,Hess Cvancara,2024-08-01,30720,36047,1560.97536,1831.656211
EN-L-Cvancara-LS-155-93-2826H-,Hess Cvancara,2024-09-01,29859,41310,1517.225367,2099.08503
EN-L-Cvancara-LS-155-93-2826H-,Hess Cvancara,2024-10-01,20985,36981,1066.310805,1879.115553
EN-L-Cvancara-LS-155-93-2826H-,Hess Cvancara,2024-11-01,20163,35974,1024.542519,1827.946862
EN-L-Cvancara-LS-155-93-2826H-,Hess Cvancara,2024-12-01,17090,35054,868.39417,2344.664259
EN-L-Cvancara-LS-155-93-2826H-,Hess Cvancara,2025-01-01,8051,16308,369.715388,1103.505921
EN-L-Cvancara-LS-155-93-2826H-,Hess Cvancara,2025-02-01,5091,8535,258.688983,488.82106
EN-L-Cvancara-LS-155-93-2826H-,Hess Cvancara,2025-03-01,12698,21286,609.24787,995.070979
EN-L-Cvancara-LS-155-93-2826H-,Hess Cvancara,2025-04-01,11615,21150,555.182838,1212.042489
EN-L-Cvancara-LS-155-93-2826H-,Hess Cvancara,2025-05-01,11593,29947,589.075109,1761.737523
EN-L-Cvancara-LS-155-93-2826H-,Hess Cvancara,2025-06-01,8296,27356,421.544648,1359.298563
EN-L-Cvancara-LS-155-93-2826H-,Hess Cvancara,2025-07-01,5670,15594,252.54061,792.377922
EN-L-Cvancara-LS-155-93-2826H-,Hess Cvancara,2025-08-01,6158,13779,291.056864,745.121832
EN-L-Cvancara-LS-155-93-2826H-,Hess Cvancara,2025-09-01,6413,15536,325.863769,814.837268
EN-L-Cvancara-LS-155-93-2826H-,Hess Cvancara,2025-10-01,6376,14620,323.983688,742.88606
EN-L-Cvancara-LS-155-93-2826H-,Hess Cvancara,2025-11-01,2323,4283,118.038599,217.632079
EN-L-Cvancara-LS-155-93-2826H-,Hess Cvancara,2025-12-01,2440,2283,123.98372,116.006079
EN-L-Cvancara-LS-155-93-2826H-,Hess Cvancara,2026-01-01,2440,2161,118.953233,114.075185
EN-L-Cvancara-LS-155-93-2826H-,Hess Cvancara,2026-02-01,2348,665,111.839413,37.754059
EN-L-Cvancara-LS-155-93-2826H-,Hess Cvancara,2026-03-01,4392,4846,221.03655,251.473537
Glorietta 7-12N-8W 1MH,Canadian Co PDP,2023-05-01,3088,41432,5.38856,72.29884
Glorietta 7-12N-8W 1MH,Canadian Co PDP,2023-06-01,2910,37960,5.07795,66.2402
Glorietta 7-12N-8W 1MH,Canadian Co PDP,2023-07-01,2532,38309,4.41834,66.849205
Glorietta 7-12N-8W 1MH,Canadian Co PDP,2023-08-01,2746,34585,4.79177,60.350825
Glorietta 7-12N-8W 1MH,Canadian Co PDP,2023-09-01,2386,34879,4.16357,60.863855
Glorietta 7-12N-8W 1MH,Canadian Co PDP,2023-10-01,2693,35405,4.699285,61.781725
Glorietta 7-12N-8W 1MH,Canadian Co PDP,2023-11-01,2615,33639,4.563175,58.700055
Glorietta 7-12N-8W 1MH,Canadian Co PDP,2023-12-01,2963,38356,5.170435,66.93122
Glorietta 7-12N-8W 1MH,Canadian Co PDP,2024-01-01,2807,36267,4.898215,63.285915
Glorietta 7-12N-8W 1MH,Canadian Co PDP,2024-02-01,2579,34376,4.500355,59.98612
Glorietta 7-12N-8W 1MH,Canadian Co PDP,2024-03-01,2432,33512,4.24384,58.47844
Glorietta 7-12N-8W 1MH,Canadian Co PDP,2024-04-01,2406,32551,4.19847,56.801495
Glorietta 7-12N-8W 1MH,Canadian Co PDP,2024-05-01,2492,32494,4.34854,56.70203
Glorietta 7-12N-8W 1MH,Canadian Co PDP,2024-06-01,1957,32178,3.414965,56.15061
Glorietta 7-12N-8W 1MH,Canadian Co PDP,2024-07-01,1243,16905,2.169035,29.499225
Glorietta 7-12N-8W 1MH,Canadian Co PDP,2024-08-01,366,13420,0.63867,23.4179
Glorietta 7-12N-8W 1MH,Canadian Co PDP,2024-09-01,887,23288,1.547815,40.63756
Glorietta 7-12N-8W 1MH,Canadian Co PDP,2024-10-01,1290,27135,2.25105,47.350575
Glorietta 7-12N-8W 1MH,Canadian Co PDP,2024-11-01,1006,28176,1.75547,49.16712
Glorietta 7-12N-8W 1MH,Canadian Co PDP,2024-12-01,7483,30378,13.057835,53.00961
Glorietta 7-12N-8W 1MH,Canadian Co PDP,2025-01-01,1062,30617,1.85319,53.426665
Glorietta 7-12N-8W 1MH,Canadian Co PDP,2025-02-01,1067,23297,1.861915,40.653265
Glorietta 7-12N-8W 1MH,Canadian Co PDP,2025-03-01,1094,29268,1.90903,51.07266
Glorietta 7-12N-8W 1MH,Canadian Co PDP,2025-04-01,1048,27597,1.82876,48.156765
Glorietta 7-12N-8W 1MH,Canadian Co PDP,2025-05-01,1058,25962,1.84621,45.30369
Glorietta 7-12N-8W 1MH,Canadian Co PDP,2025-06-01,1058,25505,1.84621,44.506225
Glorietta 7-12N-8W 1MH,Canadian Co PDP,2025-07-01,798,24693,1.39251,43.089285
Glorietta 7-12N-8W 1MH,Canadian Co PDP,2025-08-01,1051,27257,1.833995,47.563465
Glorietta 7-12N-8W 1MH,Canadian Co PDP,2025-09-01,1010,26455,1.76245,46.163975
Glorietta 7-12N-8W 1MH,Canadian Co PDP,2025-10-01,873,26810,1.523385,46.78345
Glorietta 7-12N-8W 1MH,Canadian Co PDP,2025-11-01,893,25300,1.558285,44.1485
Glorietta 7-12N-8W 1MH,Canadian Co PDP,2025-12-01,882,25570,1.53909,44.61965
Glorietta 7-12N-8W 1MH,Canadian Co PDP,2026-01-01,894,24063,1.56003,41.989935
Glorietta 7-12N-8W 6MH,Canadian Co PDP,2023-05-01,0,59923,0,118.64754
Glorietta 7-12N-8W 6MH,Canadian Co PDP,2023-06-01,0,53087,0,105.11226
Glorietta 7-12N-8W 6MH,Canadian Co PDP,2023-07-01,0,52707,0,104.35986
Glorietta 7-12N-8W 6MH,Canadian Co PDP,2023-08-01,0,51541,0,102.05118
Glorietta 7-12N-8W 6MH,Canadian Co PDP,2023-09-01,0,46828,0,92.71944
Glorietta 7-12N-8W 6MH,Canadian Co PDP,2023-10-01,0,47058,0,93.17484
Glorietta 7-12N-8W 6MH,Canadian Co PDP,2023-11-01,0,44798,0,88.70004
Glorietta 7-12N-8W 6MH,Canadian Co PDP,2023-12-01,0,49211,0,97.43778
Glorietta 7-12N-8W 6MH,Canadian Co PDP,2024-01-01,0,45481,0,90.05238
Glorietta 7-12N-8W 6MH,Canadian Co PDP,2024-02-01,0,40788,0,80.76024
Glorietta 7-12N-8W 6MH,Canadian Co PDP,2024-03-01,0,39413,0,78.03774
Glorietta 7-12N-8W 6MH,Canadian Co PDP,2024-04-01,0,36992,0,73.24416
Glorietta 7-12N-8W 6MH,Canadian Co PDP,2024-05-01,0,38246,0,75.72708
Glorietta 7-12N-8W 6MH,Canadian Co PDP,2024-06-01,0,37916,0,75.07368
Glorietta 7-12N-8W 6MH,Canadian Co PDP,2024-07-01,0,38885,0,76.9923
Glorietta 7-12N-8W 6MH,Canadian Co PDP,2024-08-01,0,45584,0,90.25632
Glorietta 7-12N-8W 6MH,Canadian Co PDP,2024-09-01,0,43114,0,85.36572
Glorietta 7-12N-8W 6MH,Canadian Co PDP,2024-10-01,168,101544,0.33264,201.05712
Glorietta 7-12N-8W 6MH,Canadian Co PDP,2024-11-01,0,35965,0,71.2107
Glorietta 7-12N-8W 6MH,Canadian Co PDP,2024-12-01,0,21810,0,43.1838
Glorietta 7-12N-8W 6MH,Canadian Co PDP,2025-01-01,987,14977,1.95426,29.65446
Glorietta 7-12N-8W 6MH,Canadian Co PDP,2025-02-01,926,18365,1.83348,36.3627
Glorietta 7-12N-8W 6MH,Canadian Co PDP,2025-03-01,1099,21328,2.17602,42.22944
Glorietta 7-12N-8W 6MH,Canadian Co PDP,2025-04-01,1110,20655,2.1978,40.8969
Glorietta 7-12N-8W 6MH,Canadian Co PDP,2025-05-01,1270,21533,2.5146,42.63534
Glorietta 7-12N-8W 6MH,Canadian Co PDP,2025-06-01,814,14529,1.61172,28.76742
Glorietta 7-12N-8W 6MH,Canadian Co PDP,2025-07-01,34,4139,0.06732,8.19522
Glorietta 7-12N-8W 6MH,Canadian Co PDP,2025-08-01,0,1524,0,3.01752
Glorietta 7-12N-8W 6MH,Canadian Co PDP,2025-09-01,0,0,0,0
Glorietta 7-12N-8W 6MH,Canadian Co PDP,2025-10-01,0,86,0,0.17028
Glorietta 7-12N-8W 6MH,Canadian Co PDP,2025-11-01,0,1460,0,2.8908
Glorietta 7-12N-8W 6MH,Canadian Co PDP,2025-12-01,875,13655,1.7325,27.0369
Glorietta 7-12N-8W 6MH,Canadian Co PDP,2026-01-01,766,14184,1.51668,28.08432
Glorietta 7-6-12N-8W 3MHX,Canadian Co PDP,2023-05-01,19001,122842,24.32128,157.23776
Glorietta 7-6-12N-8W 3MHX,Canadian Co PDP,2023-06-01,17572,114557,22.49216,146.63296
Glorietta 7-6-12N-8W 3MHX,Canadian Co PDP,2023-07-01,17314,113736,22.16192,145.58208
Glorietta 7-6-12N-8W 3MHX,Canadian Co PDP,2023-08-01,16564,103079,21.20192,131.94112
Glorietta 7-6-12N-8W 3MHX,Canadian Co PDP,2023-09-01,16070,101051,20.5696,129.34528
Glorietta 7-6-12N-8W 3MHX,Canadian Co PDP,2023-10-01,15986,101545,20.46208,129.9776
Glorietta 7-6-12N-8W 3MHX,Canadian Co PDP,2023-11-01,16579,94312,21.22112,120.71936
Glorietta 7-6-12N-8W 3MHX,Canadian Co PDP,2023-12-01,14033,101012,17.96224,129.29536
Glorietta 7-6-12N-8W 3MHX,Canadian Co PDP,2024-01-01,15036,106076,19.24608,135.77728
Glorietta 7-6-12N-8W 3MHX,Canadian Co PDP,2024-02-01,13723,103191,17.56544,132.08448
Glorietta 7-6-12N-8W 3MHX,Canadian Co PDP,2024-03-01,14046,101746,17.97888,130.23488
Glorietta 7-6-12N-8W 3MHX,Canadian Co PDP,2024-04-01,12636,78809,16.17408,100.87552
Glorietta 7-6-12N-8W 3MHX,Canadian Co PDP,2024-05-01,12286,75101,15.72608,96.12928
Glorietta 7-6-12N-8W 3MHX,Canadian Co PDP,2024-06-01,11376,73787,14.56128,94.44736
Glorietta 7-6-12N-8W 3MHX,Canadian Co PDP,2024-07-01,8286,31847,10.60608,40.76416
Glorietta 7-6-12N-8W 3MHX,Canadian Co PDP,2024-08-01,7650,63237,9.792,80.94336
Glorietta 7-6-12N-8W 3MHX,Canadian Co PDP,2024-09-01,8078,79050,10.33984,101.184
Glorietta 7-6-12N-8W 3MHX,Canadian Co PDP,2024-10-01,0,42655,0,54.5984
Glorietta 7-6-12N-8W 3MHX,Canadian Co PDP,2024-11-01,0,91323,0,116.89344
Glorietta 7-6-12N-8W 3MHX,Canadian Co PDP,2024-12-01,0,89257,0,114.24896
Glorietta 7-6-12N-8W 3MHX,Canadian Co PDP,2025-01-01,2828,86532,3.61984,110.76096
Glorietta 7-6-12N-8W 3MHX,Canadian Co PDP,2025-02-01,2415,79209,3.0912,101.38752
Glorietta 7-6-12N-8W 3MHX,Canadian Co PDP,2025-03-01,2754,88318,3.52512,113.04704
Glorietta 7-6-12N-8W 3MHX,Canadian Co PDP,2025-04-01,2749,84678,3.51872,108.38784
Glorietta 7-6-12N-8W 3MHX,Canadian Co PDP,2025-05-01,2852,83986,3.65056,107.50208
Glorietta 7-6-12N-8W 3MHX,Canadian Co PDP,2025-06-01,2546,78204,3.25888,100.10112
Glorietta 7-6-12N-8W 3MHX,Canadian Co PDP,2025-07-01,2536,74503,3.24608,95.36384
Glorietta 7-6-12N-8W 3MHX,Canadian Co PDP,2025-08-01,2340,81465,2.9952,104.2752
Glorietta 7-6-12N-8W 3MHX,Canadian Co PDP,2025-09-01,2398,79837,3.06944,102.19136
Glorietta 7-6-12N-8W 3MHX,Canadian Co PDP,2025-10-01,2330,81650,2.9824,104.512
Glorietta 7-6-12N-8W 3MHX,Canadian Co PDP,2025-11-01,2300,77041,2.944,98.61248
Glorietta 7-6-12N-8W 3MHX,Canadian Co PDP,2025-12-01,2191,77835,2.80448,99.6288
Glorietta 7-6-12N-8W 3MHX,Canadian Co PDP,2026-01-01,2207,88408,2.82496,113.16224
Glorietta 7-6-12N-8W 4MHX,Canadian Co PDP,2023-05-01,0,116850,0,149.45115
Glorietta 7-6-12N-8W 4MHX,Canadian Co PDP,2023-06-01,0,111763,0,142.944877
Glorietta 7-6-12N-8W 4MHX,Canadian Co PDP,2023-07-01,0,110962,0,141.920398
Glorietta 7-6-12N-8W 4MHX,Canadian Co PDP,2023-08-01,0,103079,0,131.838041
Glorietta 7-6-12N-8W 4MHX,Canadian Co PDP,2023-09-01,0,98587,0,126.092773
Glorietta 7-6-12N-8W 4MHX,Canadian Co PDP,2023-10-01,0,99069,0,126.709251
Glorietta 7-6-12N-8W 4MHX,Canadian Co PDP,2023-11-01,0,96669,0,123.639651
Glorietta 7-6-12N-8W 4MHX,Canadian Co PDP,2023-12-01,0,108782,0,139.132178
Glorietta 7-6-12N-8W 4MHX,Canadian Co PDP,2024-01-01,0,116924,0,149.545796
Glorietta 7-6-12N-8W 4MHX,Canadian Co PDP,2024-02-01,0,98369,0,125.813951
Glorietta 7-6-12N-8W 4MHX,Canadian Co PDP,2024-03-01,0,92390,0,118.16681
Glorietta 7-6-12N-8W 4MHX,Canadian Co PDP,2024-04-01,0,94238,0,120.530402
Glorietta 7-6-12N-8W 4MHX,Canadian Co PDP,2024-05-01,0,95190,0,121.74801
Glorietta 7-6-12N-8W 4MHX,Canadian Co PDP,2024-06-01,0,86748,0,110.950692
Glorietta 7-6-12N-8W 4MHX,Canadian Co PDP,2024-07-01,0,92468,0,118.266572
Glorietta 7-6-12N-8W 4MHX,Canadian Co PDP,2024-08-01,0,102586,0,131.207494
Glorietta 7-6-12N-8W 4MHX,Canadian Co PDP,2024-09-01,0,100022,0,127.928138
Glorietta 7-6-12N-8W 4MHX,Canadian Co PDP,2024-10-01,0,91074,0,116.483646
Glorietta 7-6-12N-8W 4MHX,Canadian Co PDP,2024-11-01,0,95075,0,121.600925
Glorietta 7-6-12N-8W 4MHX,Canadian Co PDP,2024-12-01,0,53473,0,68.391967
Glorietta 7-6-12N-8W 4MHX,Canadian Co PDP,2025-01-01,1074,39344,1.373646,50.320976
Glorietta 7-6-12N-8W 4MHX,Canadian Co PDP,2025-02-01,1281,49069,1.638399,62.759251
Glorietta 7-6-12N-8W 4MHX,Canadian Co PDP,2025-03-01,1639,58252,2.096281,74.504308
Glorietta 7-6-12N-8W 4MHX,Canadian Co PDP,2025-04-01,1662,58116,2.125698,74.330364
Glorietta 7-6-12N-8W 4MHX,Canadian Co PDP,2025-05-01,1715,57467,2.193485,73.500293
Glorietta 7-6-12N-8W 4MHX,Canadian Co PDP,2025-06-01,1232,38557,1.575728,49.314403
Glorietta 7-6-12N-8W 4MHX,Canadian Co PDP,2025-07-01,363,11998,0.464277,15.345442
Glorietta 7-6-12N-8W 4MHX,Canadian Co PDP,2025-08-01,430,14327,0.54997,18.324233
Glorietta 7-6-12N-8W 4MHX,Canadian Co PDP,2025-09-01,494,15925,0.631826,20.368075
Glorietta 7-6-12N-8W 4MHX,Canadian Co PDP,2025-10-01,585,17593,0.748215,22.501447
Glorietta 7-6-12N-8W 4MHX,Canadian Co PDP,2025-11-01,527,16350,0.674033,20.91165
Glorietta 7-6-12N-8W 4MHX,Canadian Co PDP,2025-12-01,611,16844,0.781469,21.543476
Glorietta 7-6-12N-8W 4MHX,Canadian Co PDP,2026-01-01,567,20131,0.725193,25.747549
Jack Fed 37671-18-19-15 MH,AEC 12-well,2023-10-01,540,533,0.52002,0.513279
Jack Fed 37671-18-19-15 MH,AEC 12-well,2023-11-01,19694,31294,18.965322,30.136122
Jack Fed 37671-18-19-15 MH,AEC 12-well,2023-12-01,19871,35824,19.135773,34.498512
Jack Fed 37671-18-19-15 MH,AEC 12-well,2024-01-01,16488,33269,15.877944,32.038047
Jack Fed 37671-18-19-15 MH,AEC 12-well,2024-02-01,11509,27233,11.083167,26.225379
Jack Fed 37671-18-19-15 MH,AEC 12-well,2024-03-01,11095,27516,10.684485,26.497908
Jack Fed 37671-18-19-15 MH,AEC 12-well,2024-04-01,9732,31152,9.371916,29.999376
Jack Fed 37671-18-19-15 MH,AEC 12-well,2024-05-01,8905,30671,8.575515,29.536173
Jack Fed 37671-18-19-15 MH,AEC 12-well,2024-06-01,7488,22580,7.210944,21.74454
Jack Fed 37671-18-19-15 MH,AEC 12-well,2024-07-01,8216,19739,7.912008,19.008657
Jack Fed 37671-18-19-15 MH,AEC 12-well,2024-08-01,8401,30636,8.090163,29.502468
Jack Fed 37671-18-19-15 MH,AEC 12-well,2024-09-01,6993,25295,6.734259,24.359085
Jack Fed 37671-18-19-15 MH,AEC 12-well,2024-10-01,7121,28325,6.857523,27.276975
Jack Fed 37671-18-19-15 MH,AEC 12-well,2024-11-01,6251,21912,6.019713,21.101256
Jack Fed 37671-18-19-15 MH,AEC 12-well,2024-12-01,6430,23437,6.19209,22.569831
Jack Fed 37671-18-19-15 MH,AEC 12-well,2025-01-01,5915,16244,5.696145,15.642972
Jack Fed 37671-18-19-15 MH,AEC 12-well,2025-02-01,5268,14302,5.073084,13.772826
Jack Fed 37671-18-19-15 MH,AEC 12-well,2025-03-01,5828,17468,5.612364,16.821684
Jack Fed 37671-18-19-15 MH,AEC 12-well,2025-04-01,5065,16308,4.877595,15.704604
Jack Fed 37671-18-19-15 MH,AEC 12-well,2025-05-01,5109,18744,4.919967,18.050472
Jack Fed 37671-18-19-15 MH,AEC 12-well,2025-06-01,4761,16771,4.584843,16.150473
Jack Fed 37671-18-19-15 MH,AEC 12-well,2025-07-01,4821,16427,4.642623,15.819201
Jack Fed 37671-18-19-15 MH,AEC 12-well,2025-08-01,4836,16372,4.657068,15.766236
Jack Fed 37671-18-19-15 MH,AEC 12-well,2025-09-01,4314,14000,4.154382,13.482
Jack Fed 37671-18-19-15 MH,AEC 12-well,2025-10-01,4253,12202,4.095639,11.750526
Jack Fed 37671-18-19-15 MH,AEC 12-well,2025-11-01,4077,15999,3.926151,15.407037
Jack Fed 37671-18-19-15 MH,AEC 12-well,2025-12-01,3286,11772,3.164418,11.336436
Jack Fed 37671-18-19-15 MH,AEC 12-well,2026-01-01,2904,9125,2.796552,8.787375
Jack Fed 37671-18-19-15 MH,AEC 12-well,2026-02-01,3239,12249,3.119157,11.795787
Jack Fed 37671-18-19-15E NH,AEC 12-well,2023-10-01,3222,2559,3.102786,2.464317
Jack Fed 37671-18-19-15E NH,AEC 12-well,2023-11-01,28564,25223,27.507132,24.289749
Jack Fed 37671-18-19-15E NH,AEC 12-well,2023-12-01,18718,18209,18.025434,17.535267
Jack Fed 37671-18-19-15E NH,AEC 12-well,2024-01-01,15268,14576,14.703084,14.036688
Jack Fed 37671-18-19-15E NH,AEC 12-well,2024-02-01,10632,15693,10.238616,15.112359
Jack Fed 37671-18-19-15E NH,AEC 12-well,2024-03-01,9683,15480,9.324729,14.90724
Jack Fed 37671-18-19-15E NH,AEC 12-well,2024-04-01,8013,18118,7.716519,17.447634
Jack Fed 37671-18-19-15E NH,AEC 12-well,2024-05-01,7620,16899,7.33806,16.273737
Jack Fed 37671-18-19-15E NH,AEC 12-well,2024-06-01,6818,11221,6.565734,10.805823
Jack Fed 37671-18-19-15E NH,AEC 12-well,2024-07-01,6625,10280,6.379875,9.89964
Jack Fed 37671-18-19-15E NH,AEC 12-well,2024-08-01,6241,8798,6.010083,8.472474
Jack Fed 37671-18-19-15E NH,AEC 12-well,2024-09-01,5680,7156,5.46984,6.891228
Jack Fed 37671-18-19-15E NH,AEC 12-well,2024-10-01,5514,7798,5.309982,7.509474
Jack Fed 37671-18-19-15E NH,AEC 12-well,2024-11-01,5126,6831,4.936338,6.578253
Jack Fed 37671-18-19-15E NH,AEC 12-well,2024-12-01,5079,5618,4.891077,5.410134
Jack Fed 37671-18-19-15E NH,AEC 12-well,2025-01-01,4591,6373,4.421133,6.137199
Jack Fed 37671-18-19-15E NH,AEC 12-well,2025-02-01,4302,4821,4.142826,4.642623
Jack Fed 37671-18-19-15E NH,AEC 12-well,2025-03-01,4833,5780,4.654179,5.56614
Jack Fed 37671-18-19-15E NH,AEC 12-well,2025-04-01,4089,4569,3.937707,4.399947
Jack Fed 37671-18-19-15E NH,AEC 12-well,2025-05-01,4316,5503,4.156308,5.299389
Jack Fed 37671-18-19-15E NH,AEC 12-well,2025-06-01,4041,5759,3.891483,5.545917
Jack Fed 37671-18-19-15E NH,AEC 12-well,2025-07-01,4082,5468,3.930966,5.265684
Jack Fed 37671-18-19-15E NH,AEC 12-well,2025-08-01,4255,8350,4.097565,8.04105
Jack Fed 37671-18-19-15E NH,AEC 12-well,2025-09-01,3997,7136,3.849111,6.871968
Jack Fed 37671-18-19-15E NH,AEC 12-well,2025-10-01,4463,11024,4.297869,10.616112
Jack Fed 37671-18-19-15E NH,AEC 12-well,2025-11-01,3396,3647,3.270348,3.512061
Jack Fed 37671-18-19-15E NH,AEC 12-well,2025-12-01,2917,3096,2.809071,2.981448
Jack Fed 37671-18-19-15E NH,AEC 12-well,2026-01-01,2395,3028,2.306385,2.915964
Jack Fed 37671-18-19-15E NH,AEC 12-well,2026-02-01,2704,3229,2.603952,3.109527
Jack Fed 37671-18-19-16E NH,AEC 12-well,2023-10-01,3715,2919,3.577545,2.810997
Jack Fed 37671-18-19-16E NH,AEC 12-well,2023-11-01,35022,30258,33.726186,29.138454
Jack Fed 37671-18-19-16E NH,AEC 12-well,2023-12-01,20326,19086,19.573938,18.379818
Jack Fed 37671-18-19-16E NH,AEC 12-well,2024-01-01,16332,14876,15.727716,14.325588
Jack Fed 37671-18-19-16E NH,AEC 12-well,2024-02-01,10904,17266,10.500552,16.627158
Jack Fed 37671-18-19-16E NH,AEC 12-well,2024-03-01,9399,14638,9.051237,14.096394
Jack Fed 37671-18-19-16E NH,AEC 12-well,2024-04-01,8275,15572,7.968825,14.995836
Jack Fed 37671-18-19-16E NH,AEC 12-well,2024-05-01,7658,14178,7.374654,13.653414
Jack Fed 37671-18-19-16E NH,AEC 12-well,2024-06-01,7088,9883,6.825744,9.517329
Jack Fed 37671-18-19-16E NH,AEC 12-well,2024-07-01,6486,8597,6.246018,8.278911
Jack Fed 37671-18-19-16E NH,AEC 12-well,2024-08-01,6268,7809,6.036084,7.520067
Jack Fed 37671-18-19-16E NH,AEC 12-well,2024-09-01,6185,7563,5.956155,7.283169
Jack Fed 37671-18-19-16E NH,AEC 12-well,2024-10-01,5989,7210,5.767407,6.94323
Jack Fed 37671-18-19-16E NH,AEC 12-well,2024-11-01,5236,7279,5.042268,7.009677
Jack Fed 37671-18-19-16E NH,AEC 12-well,2024-12-01,5828,6146,5.612364,5.918598
Jack Fed 37671-18-19-16E NH,AEC 12-well,2025-01-01,5255,6227,5.060565,5.996601
Jack Fed 37671-18-19-16E NH,AEC 12-well,2025-02-01,5045,4814,4.858335,4.635882
Jack Fed 37671-18-19-16E NH,AEC 12-well,2025-03-01,5088,5951,4.899744,5.730813
Jack Fed 37671-18-19-16E NH,AEC 12-well,2025-04-01,4319,4654,4.159197,4.481802
Jack Fed 37671-18-19-16E NH,AEC 12-well,2025-05-01,4233,5115,4.076379,4.925745
Jack Fed 37671-18-19-16E NH,AEC 12-well,2025-06-01,3937,4418,3.791331,4.254534
Jack Fed 37671-18-19-16E NH,AEC 12-well,2025-07-01,4588,5262,4.418244,5.067306
Jack Fed 37671-18-19-16E NH,AEC 12-well,2025-08-01,4501,8096,4.334463,7.796448
Jack Fed 37671-18-19-16E NH,AEC 12-well,2025-09-01,4148,6243,3.994524,6.012009
Jack Fed 37671-18-19-16E NH,AEC 12-well,2025-10-01,3282,7543,3.160566,7.263909
Jack Fed 37671-18-19-16E NH,AEC 12-well,2025-11-01,3380,6621,3.25494,6.376023
Jack Fed 37671-18-19-16E NH,AEC 12-well,2025-12-01,2670,4057,2.57121,3.906891
Jack Fed 37671-18-19-16E NH,AEC 12-well,2026-01-01,2415,3440,2.325645,3.31272
Jack Fed 37671-18-19-16E NH,AEC 12-well,2026-02-01,2687,3634,2.587581,3.499542
Janet 0880 3-33H21,Fulcrum Janet,2025-01-01,13058.45,7539.92,235.0521,135.71856
Janet 0880 3-33H21,Fulcrum Janet,2025-02-01,14943,5686,268.974,102.348
Janet 0880 3-33H21,Fulcrum Janet,2025-03-01,11096,5206,199.728,93.708
Janet 0880 3-33H21,Fulcrum Janet,2025-04-01,10350.9287589605,8576.131432977,186.3167176613,154.3703657936
Janet 0880 3-33H21,Fulcrum Janet,2025-05-01,10230.1331638904,10416.2160726422,184.14239695,187.4918893076
Janet 0880 3-33H21,Fulcrum Janet,2025-06-01,11248.0324869601,5920,202.4645847653,106.56
Janet 0880 3-33H21,Fulcrum Janet,2025-07-01,10145.798360166,6442,182.624370483,115.956
Janet 0880 3-33H21,Fulcrum Janet,2025-08-01,7705.2076178365,5381,138.6937371211,96.858
Janet 0880 3-33H21,Fulcrum Janet,2025-09-01,7206.1740816541,7098,129.7111334698,127.764
Janet 0880 3-33H21,Fulcrum Janet,2025-10-01,600.9425254352,586,10.8169654578,10.548
Janet 0880 3-33H21,Fulcrum Janet,2025-11-01,10930.925879357,2861,196.7566658284,51.498
Janet 0880 3-33H21,Fulcrum Janet,2025-12-01,6116,5697,110.088,102.546
Janet 0880 3-33H21,Fulcrum Janet,2026-01-01,5237.2188832419,7473,94.2699398984,134.514
Janet 0880 3-33H21,Fulcrum Janet,2026-02-01,4164.75261912,6143.569367415,74.9655471442,110.5842486135
Janet 0880 3-33H21,Fulcrum Janet,2026-03-01,3267.2857422435,2647,58.8111433604,47.646
Janet 0880 3-33H21,Fulcrum Janet,2026-04-01,3267.4781726068,4450,58.8146071069,80.1
Janet 0880 4-33H21,Fulcrum Janet,2025-01-01,16451.8439,9247.4021,296.1331902,166.4532378
Janet 0880 4-33H21,Fulcrum Janet,2025-02-01,16906.8366884521,7584.1705998187,304.3230603921,136.5150707967
Janet 0880 4-33H21,Fulcrum Janet,2025-03-01,14311.9788578908,9979.5700320392,257.615619442,179.6322605767
Janet 0880 4-33H21,Fulcrum Janet,2025-04-01,12959.54595752,11233.3891377747,233.2718272354,202.2010044799
Janet 0880 4-33H21,Fulcrum Janet,2025-05-01,11349.3433068573,12780.0137287779,204.2881795234,230.040247118
Janet 0880 4-33H21,Fulcrum Janet,2025-06-01,11285.5289196562,9570,203.1395205538,172.26
Janet 0880 4-33H21,Fulcrum Janet,2025-07-01,8556.9992346103,10653,154.025986223,191.754
Janet 0880 4-33H21,Fulcrum Janet,2025-08-01,6609.970907217,8873,118.9794763299,159.714
Janet 0880 4-33H21,Fulcrum Janet,2025-09-01,5275.2041555157,7865,94.9536747993,141.57
Janet 0880 4-33H21,Fulcrum Janet,2025-10-01,4324.5241134691,5369.7093899818,77.8414340424,96.6547690197
Janet 0880 4-33H21,Fulcrum Janet,2025-11-01,6269.3397235604,4654.6033621012,112.8481150241,83.7828605178
Janet 0880 4-33H21,Fulcrum Janet,2025-12-01,3563,5459,64.134,98.262
Janet 0880 4-33H21,Fulcrum Janet,2026-01-01,2878.9681722947,5389,51.8214271013,97.002
Janet 0880 4-33H21,Fulcrum Janet,2026-02-01,293.5462450402,63,5.2838324107,1.134
Janet 0880 4-33H21,Fulcrum Janet,2026-03-01,2026.2458150606,896,36.4724246711,16.128
Janet 0880 4-33H21,Fulcrum Janet,2026-04-01,2729.6994614157,2126,49.1345903055,38.268
Janet 0880 5-33H21,Fulcrum Janet,2024-12-01,4025.3505,2327.6396,72.456309,41.8975128
Janet 0880 5-33H21,Fulcrum Janet,2025-01-01,20328.0063,13134.4817,365.9041134,236.4206706
Janet 0880 5-33H21,Fulcrum Janet,2025-02-01,21677.1838001736,10548.2378599215,390.1893084031,189.8682814786
Janet 0880 5-33H21,Fulcrum Janet,2025-03-01,17874.514800658,13541.660453924,321.7412664118,243.7498881706
Janet 0880 5-33H21,Fulcrum Janet,2025-04-01,18303.2429861201,17454.379471013,329.4583737502,314.1788304782
Janet 0880 5-33H21,Fulcrum Janet,2025-05-01,15732.7811681202,19289.5845490326,283.1900610262,347.2125218826
Janet 0880 5-33H21,Fulcrum Janet,2025-06-01,14585.1340816851,11157,262.5324134703,200.826
Janet 0880 5-33H21,Fulcrum Janet,2025-07-01,11792.2787399651,10470,212.2610173194,188.46
Janet 0880 5-33H21,Fulcrum Janet,2025-08-01,7394.1474248487,5307,133.0946536473,95.526
Janet 0880 5-33H21,Fulcrum Janet,2025-09-01,7531.6998021716,7336,135.5705964391,132.048
Janet 0880 5-33H21,Fulcrum Janet,2025-10-01,6635.1827912795,5878.8220389968,119.433290243,105.8187967019
Janet 0880 5-33H21,Fulcrum Janet,2025-11-01,10154.8488420707,5895.3606574283,182.7872791573,106.1164918337
Janet 0880 5-33H21,Fulcrum Janet,2025-12-01,5785,6492,104.13,116.856
Janet 0880 5-33H21,Fulcrum Janet,2026-01-01,5374.1060443748,7790,96.7339087987,140.22
Janet 0880 5-33H21,Fulcrum Janet,2026-02-01,3895.9480162472,5065.2718096132,70.1270642924,91.174892573
Janet 0880 5-33H21,Fulcrum Janet,2026-03-01,1172.9480322379,406,21.1130645803,7.308
Janet 0880 5-33H21,Fulcrum Janet,2026-04-01,2520.4879619383,982,45.3687833149,17.676
Janet 0880 6-33H21,Fulcrum Janet,2024-12-01,6333.0231,3568.7028,113.9944158,64.2366504
Janet 0880 6-33H21,Fulcrum Janet,2025-01-01,22576.2285,13495.9214,406.372113,242.9265852
Janet 0880 6-33H21,Fulcrum Janet,2025-02-01,20621.4866850902,9776.7739559601,371.1867603316,175.9819312073
Janet 0880 6-33H21,Fulcrum Janet,2025-03-01,15221.3509812199,11532.1389214863,273.984317662,207.5785005868
Janet 0880 6-33H21,Fulcrum Janet,2025-04-01,14620.8601922287,14000.0999582353,263.1754834601,252.0017992482
Janet 0880 6-33H21,Fulcrum Janet,2025-05-01,11578.2498870503,15749.2433601974,208.4084979669,283.4863804836
Janet 0880 6-33H21,Fulcrum Janet,2025-06-01,8734.8138748721,7775,157.2266497477,139.95
Janet 0880 6-33H21,Fulcrum Janet,2025-07-01,6710.3953826675,6844,120.787116888,123.192
Janet 0880 6-33H21,Fulcrum Janet,2025-08-01,5449.1652585734,5330,98.0849746543,95.94
Janet 0880 6-33H21,Fulcrum Janet,2025-09-01,4407.3670823206,4829,79.3326074818,86.922
Janet 0880 6-33H21,Fulcrum Janet,2025-10-01,3991.9309199088,4016.5430746281,71.8547565584,72.2977753433
Janet 0880 6-33H21,Fulcrum Janet,2025-11-01,5915.0654577907,4132.0844273284,106.4711782402,74.3775196919
Janet 0880 6-33H21,Fulcrum Janet,2025-12-01,3075,3999,55.35,71.982
Janet 0880 6-33H21,Fulcrum Janet,2026-01-01,3213.9088290495,6478,57.8503589229,116.604
Janet 0880 6-33H21,Fulcrum Janet,2026-02-01,2423.7931339985,3465.2732138416,43.628276412,62.3749178491
Janet 0880 6-33H21,Fulcrum Janet,2026-03-01,2027.5077362872,2139,36.4951392532,38.502
Janet 0880 6-33H21,Fulcrum Janet,2026-04-01,2042.2504628057,1671,36.7605083305,30.078
Kali Fed 3671-16-21-13W NH,AEC 12-well,2023-08-01,2479,2187,2.387277,2.106081
Kali Fed 3671-16-21-13W NH,AEC 12-well,2023-09-01,34539,31017,33.261057,29.869371
Kali Fed 3671-16-21-13W NH,AEC 12-well,2023-10-01,26288,25041,25.315344,24.114483
Kali Fed 3671-16-21-13W NH,AEC 12-well,2023-11-01,20177,22470,19.430451,21.63861
Kali Fed 3671-16-21-13W NH,AEC 12-well,2023-12-01,17639,16876,16.986357,16.251588
Kali Fed 3671-16-21-13W NH,AEC 12-well,2024-01-01,13426,18104,12.929238,17.434152
Kali Fed 3671-16-21-13W NH,AEC 12-well,2024-02-01,10032,12270,9.660816,11.81601
Kali Fed 3671-16-21-13W NH,AEC 12-well,2024-03-01,12696,12158,12.226248,11.708154
Kali Fed 3671-16-21-13W NH,AEC 12-well,2024-04-01,9884,8097,9.518292,7.797411
Kali Fed 3671-16-21-13W NH,AEC 12-well,2024-05-01,9477,9995,9.126351,9.625185
Kali Fed 3671-16-21-13W NH,AEC 12-well,2024-06-01,7905,10179,7.612515,9.802377
Kali Fed 3671-16-21-13W NH,AEC 12-well,2024-07-01,7306,7367,7.035678,7.094421
Kali Fed 3671-16-21-13W NH,AEC 12-well,2024-08-01,6506,8118,6.265278,7.817634
Kali Fed 3671-16-21-13W NH,AEC 12-well,2024-09-01,6024,5140,5.801112,4.94982
Kali Fed 3671-16-21-13W NH,AEC 12-well,2024-10-01,5792,7517,5.577696,7.238871
Kali Fed 3671-16-21-13W NH,AEC 12-well,2024-11-01,6307,10638,6.073641,10.244394
Kali Fed 3671-16-21-13W NH,AEC 12-well,2024-12-01,5759,9499,5.545917,9.147537
Kali Fed 3671-16-21-13W NH,AEC 12-well,2025-01-01,5126,7590,4.936338,7.30917
Kali Fed 3671-16-21-13W NH,AEC 12-well,2025-02-01,4939,7346,4.756257,7.074198
Kali Fed 3671-16-21-13W NH,AEC 12-well,2025-03-01,5165,7418,4.973895,7.143534
Kali Fed 3671-16-21-13W NH,AEC 12-well,2025-04-01,5015,7211,4.829445,6.944193
Kali Fed 3671-16-21-13W NH,AEC 12-well,2025-05-01,5094,6064,4.905522,5.839632
Kali Fed 3671-16-21-13W NH,AEC 12-well,2025-06-01,4795,6046,4.617585,5.822298
Kali Fed 3671-16-21-13W NH,AEC 12-well,2025-07-01,4443,5016,4.278609,4.830408
Kali Fed 3671-16-21-13W NH,AEC 12-well,2025-08-01,4288,4383,4.129344,4.220829
Kali Fed 3671-16-21-13W NH,AEC 12-well,2025-09-01,3789,4186,3.648807,4.031118
Kali Fed 3671-16-21-13W NH,AEC 12-well,2025-10-01,4007,4817,3.858741,4.638771
Kali Fed 3671-16-21-13W NH,AEC 12-well,2025-11-01,4149,4511,3.995487,4.344093
Kali Fed 3671-16-21-13W NH,AEC 12-well,2025-12-01,5218,9963,5.024934,9.594369
Kali Fed 3671-16-21-13W NH,AEC 12-well,2026-01-01,5744,13146,5.531472,12.659598
Kali Fed 3671-16-21-13W NH,AEC 12-well,2026-02-01,3924,6149,3.778812,5.921487
Kali Fed 3671-16-21-14W NH,AEC 12-well,2023-08-01,4728,3924,4.553064,3.778812
Kali Fed 3671-16-21-14W NH,AEC 12-well,2023-09-01,37842,33290,36.441846,32.05827
Kali Fed 3671-16-21-14W NH,AEC 12-well,2023-10-01,25203,21986,24.270489,21.172518
Kali Fed 3671-16-21-14W NH,AEC 12-well,2023-11-01,18735,15606,18.041805,15.028578
Kali Fed 3671-16-21-14W NH,AEC 12-well,2023-12-01,17115,13795,16.481745,13.284585
Kali Fed 3671-16-21-14W NH,AEC 12-well,2024-01-01,14490,13108,13.95387,12.623004
Kali Fed 3671-16-21-14W NH,AEC 12-well,2024-02-01,19730,7622,18.99999,7.339986
Kali Fed 3671-16-21-14W NH,AEC 12-well,2024-03-01,11629,17212,11.198727,16.575156
Kali Fed 3671-16-21-14W NH,AEC 12-well,2024-04-01,9109,20505,8.771967,19.746315
Kali Fed 3671-16-21-14W NH,AEC 12-well,2024-05-01,8703,12285,8.380989,11.830455
Kali Fed 3671-16-21-14W NH,AEC 12-well,2024-06-01,7425,9017,7.150275,8.683371
Kali Fed 3671-16-21-14W NH,AEC 12-well,2024-07-01,7181,6014,6.915303,5.791482
Kali Fed 3671-16-21-14W NH,AEC 12-well,2024-08-01,7607,10120,7.325541,9.74556
Kali Fed 3671-16-21-14W NH,AEC 12-well,2024-09-01,5453,6107,5.251239,5.881041
Kali Fed 3671-16-21-14W NH,AEC 12-well,2024-10-01,7138,12328,6.873894,11.871864
Kali Fed 3671-16-21-14W NH,AEC 12-well,2024-11-01,4981,8178,4.796703,7.875414
Kali Fed 3671-16-21-14W NH,AEC 12-well,2024-12-01,5592,4582,5.385096,4.412466
Kali Fed 3671-16-21-14W NH,AEC 12-well,2025-01-01,5744,3423,5.531472,3.296349
Kali Fed 3671-16-21-14W NH,AEC 12-well,2025-02-01,4667,6043,4.494321,5.819409
Kali Fed 3671-16-21-14W NH,AEC 12-well,2025-03-01,4676,5801,4.502988,5.586363
Kali Fed 3671-16-21-14W NH,AEC 12-well,2025-04-01,4890,4423,4.70907,4.259349
Kali Fed 3671-16-21-14W NH,AEC 12-well,2025-05-01,4437,4695,4.272831,4.521285
Kali Fed 3671-16-21-14W NH,AEC 12-well,2025-06-01,4407,5864,4.243941,5.647032
Kali Fed 3671-16-21-14W NH,AEC 12-well,2025-07-01,4006,4861,3.857778,4.681143
Kali Fed 3671-16-21-14W NH,AEC 12-well,2025-08-01,3615,3829,3.481245,3.687327
Kali Fed 3671-16-21-14W NH,AEC 12-well,2025-09-01,3402,4417,3.276126,4.253571
Kali Fed 3671-16-21-14W NH,AEC 12-well,2025-10-01,3482,5018,3.353166,4.832334
Kali Fed 3671-16-21-14W NH,AEC 12-well,2025-11-01,3568,5833,3.435984,5.617179
Kali Fed 3671-16-21-14W NH,AEC 12-well,2025-12-01,4512,9869,4.345056,9.503847
Kali Fed 3671-16-21-14W NH,AEC 12-well,2026-01-01,5014,12157,4.828482,11.707191
Kali Fed 3671-16-21-14W NH,AEC 12-well,2026-02-01,3802,5589,3.661326,5.382207
MERLIN 5602 43-15 2B,Chord Merlin,2025-01-01,13482,9116,133.40439,90.20282
MERLIN 5602 43-15 2B,Chord Merlin,2025-02-01,17303,12494,171.213185,123.62813
MERLIN 5602 43-15 2B,Chord Merlin,2025-03-01,18251,13717,180.593645,135.729715
MERLIN 5602 43-15 2B,Chord Merlin,2025-04-01,16713,12473,165.375135,123.420335
MERLIN 5602 43-15 2B,Chord Merlin,2025-05-01,15805,12038,156.390475,119.11601
MERLIN 5602 43-15 2B,Chord Merlin,2025-06-01,15810,12740,156.43995,126.0623
MERLIN 5602 43-15 2B,Chord Merlin,2025-07-01,16318,14239,161.46661,140.894905
MERLIN 5602 43-15 2B,Chord Merlin,2025-08-01,15270,15486,151.09665,153.23397
MERLIN 5602 43-15 2B,Chord Merlin,2025-09-01,11996,12812,118.70042,126.77474
MERLIN 5602 43-15 2B,Chord Merlin,2025-10-01,11570,15404,114.48515,152.42258
MERLIN 5602 43-15 2B,Chord Merlin,2025-11-01,9649,13934,95.476855,137.87693
MERLIN 5602 43-15 2B,Chord Merlin,2025-12-01,8729,14098,86.373455,139.49971
MERLIN 5602 43-15 2B,Chord Merlin,2026-01-01,5632,9284,55.72864,91.86518
MERLIN 5602 43-15 2B,Chord Merlin,2026-02-01,5891,7205,58.291445,71.293475
MERLIN 5602 43-15 2B,Chord Merlin,2026-03-01,5035,6835,49.821325,67.632325
MERLIN 5602 43-15 3B,Chord Merlin,2025-01-01,11980,8138,118.5421,80.52551
MERLIN 5602 43-15 3B,Chord Merlin,2025-02-01,18313,12968,181.207135,128.31836
MERLIN 5602 43-15 3B,Chord Merlin,2025-03-01,20073,15135,198.622335,149.760825
MERLIN 5602 43-15 3B,Chord Merlin,2025-04-01,15062,12006,149.03849,118.79937
MERLIN 5602 43-15 3B,Chord Merlin,2025-05-01,16282,12332,161.11039,122.02514
MERLIN 5602 43-15 3B,Chord Merlin,2025-06-01,15632,12328,154.67864,121.98556
MERLIN 5602 43-15 3B,Chord Merlin,2025-07-01,17495,14544,173.113025,143.91288
MERLIN 5602 43-15 3B,Chord Merlin,2025-08-01,14072,12133,139.24244,120.056035
MERLIN 5602 43-15 3B,Chord Merlin,2025-09-01,11427,10691,113.070165,105.787445
MERLIN 5602 43-15 3B,Chord Merlin,2025-10-01,12600,12719,124.677,125.854505
MERLIN 5602 43-15 3B,Chord Merlin,2025-11-01,9008,9834,89.13416,97.30743
MERLIN 5602 43-15 3B,Chord Merlin,2025-12-01,9157,9923,90.608515,98.188085
MERLIN 5602 43-15 3B,Chord Merlin,2026-01-01,8725,9147,86.333875,90.509565
MERLIN 5602 43-15 3B,Chord Merlin,2026-02-01,6274,5564,62.08123,55.05578
MERLIN 5602 43-15 3B,Chord Merlin,2026-03-01,3152,3492,31.18904,34.55334
MERLIN 5602 43-15 4B,Chord Merlin,2025-01-01,10211,7228,101.037845,71.52106
MERLIN 5602 43-15 4B,Chord Merlin,2025-02-01,20762,14618,205.43999,144.64511
MERLIN 5602 43-15 4B,Chord Merlin,2025-03-01,22149,16118,219.164355,159.48761
MERLIN 5602 43-15 4B,Chord Merlin,2025-04-01,17959,13535,177.704305,133.928825
MERLIN 5602 43-15 4B,Chord Merlin,2025-05-01,16151,12584,159.814145,124.51868
MERLIN 5602 43-15 4B,Chord Merlin,2025-06-01,17467,13909,172.835965,137.629555
MERLIN 5602 43-15 4B,Chord Merlin,2025-07-01,17561,14924,173.766095,147.67298
MERLIN 5602 43-15 4B,Chord Merlin,2025-08-01,15531,14364,153.679245,142.13178
MERLIN 5602 43-15 4B,Chord Merlin,2025-09-01,12028,12271,119.01706,121.421545
MERLIN 5602 43-15 4B,Chord Merlin,2025-10-01,12426,15315,122.95527,151.541925
MERLIN 5602 43-15 4B,Chord Merlin,2025-11-01,9001,10835,89.064895,107.212325
MERLIN 5602 43-15 4B,Chord Merlin,2025-12-01,8740,11531,86.4823,114.099245
MERLIN 5602 43-15 4B,Chord Merlin,2026-01-01,8441,12329,83.523695,121.995455
MERLIN 5602 43-15 4B,Chord Merlin,2026-02-01,4962,5497,49.09899,54.392815
MERLIN 5602 43-15 4B,Chord Merlin,2026-03-01,8194,8764,81.07963,86.71978
Red River 1208 24-13-1 MXH,Canadian Co PDP,2023-05-01,553,20025,0,0
Red River 1208 24-13-1 MXH,Canadian Co PDP,2023-06-01,1577,36530,0,0
Red River 1208 24-13-1 MXH,Canadian Co PDP,2023-07-01,1948,40894,0,0
Red River 1208 24-13-1 MXH,Canadian Co PDP,2023-08-01,1711,41188,0,0
Red River 1208 24-13-1 MXH,Canadian Co PDP,2023-09-01,1595,39056,0,0
Red River 1208 24-13-1 MXH,Canadian Co PDP,2023-10-01,1944,40652,0,0
Red River 1208 24-13-1 MXH,Canadian Co PDP,2023-11-01,1504,42615,0,0
Red River 1208 24-13-1 MXH,Canadian Co PDP,2023-12-01,1473,48791,0,0
Red River 1208 24-13-1 MXH,Canadian Co PDP,2024-01-01,1495,52671,0,0
Red River 1208 24-13-1 MXH,Canadian Co PDP,2024-02-01,1429,36084,0,0
Red River 1208 24-13-1 MXH,Canadian Co PDP,2024-03-01,1283,36046,0,0
Red River 1208 24-13-1 MXH,Canadian Co PDP,2024-04-01,1293,32691,0,0
Red River 1208 24-13-1 MXH,Canadian Co PDP,2024-05-01,969,24034,0,0
Red River 1208 24-13-1 MXH,Canadian Co PDP,2024-06-01,1329,32327,0,0
Red River 1208 24-13-1 MXH,Canadian Co PDP,2024-07-01,1484,33880,0,0
Red River 1208 24-13-1 MXH,Canadian Co PDP,2024-08-01,1292,34335,0,0
Red River 1208 24-13-1 MXH,Canadian Co PDP,2024-09-01,1331,34318,0,0
Red River 1208 24-13-1 MXH,Canadian Co PDP,2024-10-01,1509,38203,0,0
Red River 1208 24-13-1 MXH,Canadian Co PDP,2024-11-01,1302,38763,0,0
Red River 1208 24-13-1 MXH,Canadian Co PDP,2024-12-01,1144,39489,0,0
Red River 1208 24-13-1 MXH,Canadian Co PDP,2025-01-01,384,9175,0,0
Red River 1208 24-13-1 MXH,Canadian Co PDP,2025-02-01,0,0,0,0
Red River 1208 24-13-1 MXH,Canadian Co PDP,2025-03-01,0,514,0,0
Red River 1208 24-13-1 MXH,Canadian Co PDP,2025-04-01,936,9307,0,0
Red River 1208 24-13-1 MXH,Canadian Co PDP,2025-05-01,1329,16276,0,0
Red River 1208 24-13-1 MXH,Canadian Co PDP,2025-06-01,947,12818,0,0
Red River 1208 24-13-1 MXH,Canadian Co PDP,2025-07-01,582,14141,0,0
Red River 1208 24-13-1 MXH,Canadian Co PDP,2025-08-01,468,15630,0,0
Red River 1208 24-13-1 MXH,Canadian Co PDP,2025-09-01,573,15949,0,0
Red River 1208 24-13-1 MXH,Canadian Co PDP,2025-10-01,536,17104,0,0
Red River 1208 24-13-1 MXH,Canadian Co PDP,2025-11-01,588,16012,0,0
Red River 1208 24-13-1 MXH,Canadian Co PDP,2025-12-01,787,17210,0,0
Red River 1208 24-13-1 MXH,Canadian Co PDP,2026-01-01,765,15058,0,0
Red River 1208 24-13-2 WXH,Canadian Co PDP,2023-05-01,855,32553,0,0
Red River 1208 24-13-2 WXH,Canadian Co PDP,2023-06-01,1375,52109,0,0
Red River 1208 24-13-2 WXH,Canadian Co PDP,2023-07-01,1296,51775,0,0
Red River 1208 24-13-2 WXH,Canadian Co PDP,2023-08-01,1340,50366,0,0
Red River 1208 24-13-2 WXH,Canadian Co PDP,2023-09-01,1333,46820,0,0
Red River 1208 24-13-2 WXH,Canadian Co PDP,2023-10-01,1283,47835,0,0
Red River 1208 24-13-2 WXH,Canadian Co PDP,2023-11-01,1076,47849,0,0
Red River 1208 24-13-2 WXH,Canadian Co PDP,2023-12-01,787,22468,0,0
Red River 1208 24-13-2 WXH,Canadian Co PDP,2024-01-01,352,23995,0,0
Red River 1208 24-13-2 WXH,Canadian Co PDP,2024-02-01,762,36425,0,0
Red River 1208 24-13-2 WXH,Canadian Co PDP,2024-03-01,881,36742,0,0
Red River 1208 24-13-2 WXH,Canadian Co PDP,2024-04-01,896,33922,0,0
Red River 1208 24-13-2 WXH,Canadian Co PDP,2024-05-01,588,28523,0,0
Red River 1208 24-13-2 WXH,Canadian Co PDP,2024-06-01,764,38339,0,0
Red River 1208 24-13-2 WXH,Canadian Co PDP,2024-07-01,931,39712,0,0
Red River 1208 24-13-2 WXH,Canadian Co PDP,2024-08-01,947,38938,0,0
Red River 1208 24-13-2 WXH,Canadian Co PDP,2024-09-01,738,39238,0,0
Red River 1208 24-13-2 WXH,Canadian Co PDP,2024-10-01,950,40795,0,0
Red River 1208 24-13-2 WXH,Canadian Co PDP,2024-11-01,751,38908,0,0
Red River 1208 24-13-2 WXH,Canadian Co PDP,2024-12-01,930,39638,0,0
Red River 1208 24-13-2 WXH,Canadian Co PDP,2025-01-01,180,13001,0,0
Red River 1208 24-13-2 WXH,Canadian Co PDP,2025-02-01,361,5101,0,0
Red River 1208 24-13-2 WXH,Canadian Co PDP,2025-03-01,716,29990,0,0
Red River 1208 24-13-2 WXH,Canadian Co PDP,2025-04-01,569,25209,0,0
Red River 1208 24-13-2 WXH,Canadian Co PDP,2025-05-01,579,25620,0,0
Red River 1208 24-13-2 WXH,Canadian Co PDP,2025-06-01,567,26876,0,0
Red River 1208 24-13-2 WXH,Canadian Co PDP,2025-07-01,774,30561,0,0
Red River 1208 24-13-2 WXH,Canadian Co PDP,2025-08-01,623,32400,0,0
Red River 1208 24-13-2 WXH,Canadian Co PDP,2025-09-01,590,31686,0,0
Red River 1208 24-13-2 WXH,Canadian Co PDP,2025-10-01,450,33230,0,0
Red River 1208 24-13-2 WXH,Canadian Co PDP,2025-11-01,596,31658,0,0
Red River 1208 24-13-2 WXH,Canadian Co PDP,2025-12-01,408,32372,0,0
Red River 1208 24-13-2 WXH,Canadian Co PDP,2026-01-01,553,30912,0,0
Red River 1208 24-13-3 MXH,Canadian Co PDP,2023-05-01,1064,38069,0,0
Red River 1208 24-13-3 MXH,Canadian Co PDP,2023-06-01,2151,55745,0,0
Red River 1208 24-13-3 MXH,Canadian Co PDP,2023-07-01,2146,56238,0,0
Red River 1208 24-13-3 MXH,Canadian Co PDP,2023-08-01,1963,57500,0,0
Red River 1208 24-13-3 MXH,Canadian Co PDP,2023-09-01,1629,56198,0,0
Red River 1208 24-13-3 MXH,Canadian Co PDP,2023-10-01,1873,59156,0,0
Red River 1208 24-13-3 MXH,Canadian Co PDP,2023-11-01,620,13550,0,0
Red River 1208 24-13-3 MXH,Canadian Co PDP,2023-12-01,95,0,0,0
Red River 1208 24-13-3 MXH,Canadian Co PDP,2024-01-01,524,14353,0,0
Red River 1208 24-13-3 MXH,Canadian Co PDP,2024-02-01,1652,30736,0,0
Red River 1208 24-13-3 MXH,Canadian Co PDP,2024-03-01,1276,28058,0,0
Red River 1208 24-13-3 MXH,Canadian Co PDP,2024-04-01,1222,27073,0,0
Red River 1208 24-13-3 MXH,Canadian Co PDP,2024-05-01,1341,32261,0,0
Red River 1208 24-13-3 MXH,Canadian Co PDP,2024-06-01,1138,31170,0,0
Red River 1208 24-13-3 MXH,Canadian Co PDP,2024-07-01,1520,33406,0,0
Red River 1208 24-13-3 MXH,Canadian Co PDP,2024-08-01,1264,34266,0,0
Red River 1208 24-13-3 MXH,Canadian Co PDP,2024-09-01,1305,33393,0,0
Red River 1208 24-13-3 MXH,Canadian Co PDP,2024-10-01,1345,36263,0,0
Red River 1208 24-13-3 MXH,Canadian Co PDP,2024-11-01,1284,36306,0,0
Red River 1208 24-13-3 MXH,Canadian Co PDP,2024-12-01,1372,36986,0,0
Red River 1208 24-13-3 MXH,Canadian Co PDP,2025-01-01,953,26251,0,0
Red River 1208 24-13-3 MXH,Canadian Co PDP,2025-02-01,379,24522,0,0
Red River 1208 24-13-3 MXH,Canadian Co PDP,2025-03-01,1315,46866,0,0
Red River 1208 24-13-3 MXH,Canadian Co PDP,2025-04-01,1495,36180,0,0
Red River 1208 24-13-3 MXH,Canadian Co PDP,2025-05-01,986,34748,0,0
Red River 1208 24-13-3 MXH,Canadian Co PDP,2025-06-01,1333,33101,0,0
Red River 1208 24-13-3 MXH,Canadian Co PDP,2025-07-01,1344,34535,0,0
Red River 1208 24-13-3 MXH,Canadian Co PDP,2025-08-01,1081,34915,0,0
Red River 1208 24-13-3 MXH,Canadian Co PDP,2025-09-01,1161,34373,0,0
Red River 1208 24-13-3 MXH,Canadian Co PDP,2025-10-01,996,36020,0,0
Red River 1208 24-13-3 MXH,Canadian Co PDP,2025-11-01,1129,34605,0,0
Red River 1208 24-13-3 MXH,Canadian Co PDP,2025-12-01,1146,35530,0,0
Red River 1208 24-13-3 MXH,Canadian Co PDP,2026-01-01,772,34399,0,0
Remi Fed 3671-16-21-15W NH,AEC 12-well,2023-08-01,28341,24042,27.292383,23.152446
Remi Fed 3671-16-21-15W NH,AEC 12-well,2023-09-01,27772,24682,26.744436,23.768766
Remi Fed 3671-16-21-15W NH,AEC 12-well,2023-10-01,22012,19763,21.197556,19.031769
Remi Fed 3671-16-21-15W NH,AEC 12-well,2023-11-01,16232,16737,15.631416,16.117731
Remi Fed 3671-16-21-15W NH,AEC 12-well,2023-12-01,16693,18698,16.075359,18.006174
Remi Fed 3671-16-21-15W NH,AEC 12-well,2024-01-01,13365,19297,12.870495,18.583011
Remi Fed 3671-16-21-15W NH,AEC 12-well,2024-02-01,9914,14287,9.547182,13.758381
Remi Fed 3671-16-21-15W NH,AEC 12-well,2024-03-01,8709,12465,8.386767,12.003795
Remi Fed 3671-16-21-15W NH,AEC 12-well,2024-04-01,8405,13303,8.094015,12.810789
Remi Fed 3671-16-21-15W NH,AEC 12-well,2024-05-01,6520,12539,6.27876,12.075057
Remi Fed 3671-16-21-15W NH,AEC 12-well,2024-06-01,7370,11593,7.09731,11.164059
Remi Fed 3671-16-21-15W NH,AEC 12-well,2024-07-01,7236,13428,6.968268,12.931164
Remi Fed 3671-16-21-15W NH,AEC 12-well,2024-08-01,7086,10653,6.823818,10.258839
Remi Fed 3671-16-21-15W NH,AEC 12-well,2024-09-01,6450,10220,6.21135,9.84186
Remi Fed 3671-16-21-15W NH,AEC 12-well,2024-10-01,5791,12083,5.576733,11.635929
Remi Fed 3671-16-21-15W NH,AEC 12-well,2024-11-01,5469,11391,5.266647,10.969533
Remi Fed 3671-16-21-15W NH,AEC 12-well,2024-12-01,5229,10501,5.035527,10.112463
Remi Fed 3671-16-21-15W NH,AEC 12-well,2025-01-01,5197,10869,5.004711,10.466847
Remi Fed 3671-16-21-15W NH,AEC 12-well,2025-02-01,4833,8217,4.654179,7.912971
Remi Fed 3671-16-21-15W NH,AEC 12-well,2025-03-01,4990,9356,4.80537,9.009828
Remi Fed 3671-16-21-15W NH,AEC 12-well,2025-04-01,4600,8420,4.4298,8.10846
Remi Fed 3671-16-21-15W NH,AEC 12-well,2025-05-01,5092,7778,4.903596,7.490214
Remi Fed 3671-16-21-15W NH,AEC 12-well,2025-06-01,4133,6697,3.980079,6.449211
Remi Fed 3671-16-21-15W NH,AEC 12-well,2025-07-01,3812,6992,3.670956,6.733296
Remi Fed 3671-16-21-15W NH,AEC 12-well,2025-08-01,3137,5122,3.020931,4.932486
Remi Fed 3671-16-21-15W NH,AEC 12-well,2025-09-01,2907,4890,2.799441,4.70907
Remi Fed 3671-16-21-15W NH,AEC 12-well,2025-10-01,0,0,0,0
Remi Fed 3671-16-21-15W NH,AEC 12-well,2025-11-01,4243,5523,4.086009,5.318649
Remi Fed 3671-16-21-15W NH,AEC 12-well,2025-12-01,5125,10156,4.935375,9.780228
Remi Fed 3671-16-21-15W NH,AEC 12-well,2026-01-01,5453,13819,5.251239,13.307697
Remi Fed 3671-16-21-15W NH,AEC 12-well,2026-02-01,4382,6461,4.219866,6.221943
RS F Nelson 156-91-2413H-2,Hess RS Nelson,2024-06-01,21315,9973,343.234164,195.815064
RS F Nelson 156-91-2413H-2,Hess RS Nelson,2024-07-01,19211,8473,340.188388,150.039884
RS F Nelson 156-91-2413H-2,Hess RS Nelson,2024-08-01,18361,9573,325.136588,169.518684
RS F Nelson 156-91-2413H-2,Hess RS Nelson,2024-09-01,17320,8994,306.70256,159.265752
RS F Nelson 156-91-2413H-2,Hess RS Nelson,2024-10-01,18036,5084,297.104824,90.027472
RS F Nelson 156-91-2413H-2,Hess RS Nelson,2024-11-01,17780,6171,293.24448,109.276068
RS F Nelson 156-91-2413H-2,Hess RS Nelson,2024-12-01,17324,6618,306.773392,117.191544
RS F Nelson 156-91-2413H-2,Hess RS Nelson,2025-01-01,16495,9477,270.011584,195.992144
RS F Nelson 156-91-2413H-2,Hess RS Nelson,2025-02-01,14599,10316,239.199664,215.842812
RS F Nelson 156-91-2413H-2,Hess RS Nelson,2025-03-01,14388,12506,240.315268,282.637388
RS F Nelson 156-91-2413H-2,Hess RS Nelson,2025-04-01,13595,11148,231.0894,279.308284
RS F Nelson 156-91-2413H-2,Hess RS Nelson,2025-05-01,10192,10260,180.479936,230.168584
RS F Nelson 156-91-2413H-2,Hess RS Nelson,2025-06-01,8778,10868,155.440824,213.20432
RS F Nelson 156-91-2413H-2,Hess RS Nelson,2025-07-01,8465,8175,136.387016,159.779284
RS F Nelson 156-91-2413H-2,Hess RS Nelson,2025-08-01,2478,2223,43.880424,39.364884
RS F Nelson 156-91-2413H-2,Hess RS Nelson,2025-09-01,5944,4034,104.406368,71.434072
RS F Nelson 156-91-2413H-2,Hess RS Nelson,2025-10-01,8007,4870,141.787956,93.569072
RS F Nelson 156-91-2413H-2,Hess RS Nelson,2025-11-01,8139,8968,144.125412,158.805344
RS F Nelson 156-91-2413H-2,Hess RS Nelson,2025-12-01,8129,10490,143.948332,185.75692
RS F Nelson 156-91-2413H-2,Hess RS Nelson,2026-01-01,7004,9014,118.28944,163.26776
RS F Nelson 156-91-2413H-2,Hess RS Nelson,2026-02-01,6197,8543,103.85742,150.942992
RS F Nelson 156-91-2413H-2,Hess RS Nelson,2026-03-01,5403,7463,91.267032,139.786952
RS F Nelson 156-91-2413H-3,Hess RS Nelson,2024-05-01,2188,1035,38.745104,18.32778
RS F Nelson 156-91-2413H-3,Hess RS Nelson,2024-06-01,19914,11856,320.674172,183.10072
RS F Nelson 156-91-2413H-3,Hess RS Nelson,2024-07-01,8067,7420,142.850436,131.39336
RS F Nelson 156-91-2413H-3,Hess RS Nelson,2024-08-01,14394,7901,254.888952,139.910908
RS F Nelson 156-91-2413H-3,Hess RS Nelson,2024-09-01,14598,7955,258.501384,140.86714
RS F Nelson 156-91-2413H-3,Hess RS Nelson,2024-10-01,15174,11100,268.701192,152.448172
RS F Nelson 156-91-2413H-3,Hess RS Nelson,2024-11-01,13891,5186,245.981828,91.833688
RS F Nelson 156-91-2413H-3,Hess RS Nelson,2024-12-01,14046,9599,248.726568,169.979092
RS F Nelson 156-91-2413H-3,Hess RS Nelson,2025-01-01,11960,9905,211.78768,158.079316
RS F Nelson 156-91-2413H-3,Hess RS Nelson,2025-02-01,10885,9139,192.75158,172.104052
RS F Nelson 156-91-2413H-3,Hess RS Nelson,2025-03-01,2543,2070,37.27534,41.985668
RS F Nelson 156-91-2413H-3,Hess RS Nelson,2025-04-01,6825,9442,114.181184,95.516952
RS F Nelson 156-91-2413H-3,Hess RS Nelson,2025-05-01,6529,5653,111.1177,100.103324
RS F Nelson 156-91-2413H-3,Hess RS Nelson,2025-06-01,8113,6316,133.943312,115.031168
RS F Nelson 156-91-2413H-3,Hess RS Nelson,2025-07-01,6875,5856,111.932268,115.048876
RS F Nelson 156-91-2413H-3,Hess RS Nelson,2025-08-01,5724,5521,94.91488,93.569072
RS F Nelson 156-91-2413H-3,Hess RS Nelson,2025-09-01,4840,4369,82.377616,77.366252
RS F Nelson 156-91-2413H-3,Hess RS Nelson,2025-10-01,5283,4718,89.33686,85.4411
RS F Nelson 156-91-2413H-3,Hess RS Nelson,2025-11-01,4649,4748,82.324492,84.077584
RS F Nelson 156-91-2413H-3,Hess RS Nelson,2025-12-01,4302,3678,76.179816,65.130024
RS F Nelson 156-91-2413H-3,Hess RS Nelson,2026-01-01,3704,3643,62.048832,66.49354
RS F Nelson 156-91-2413H-3,Hess RS Nelson,2026-02-01,1389,1453,21.674592,24.720368
RS F Nelson 156-91-2413H-3,Hess RS Nelson,2026-03-01,2378,2029,39.896124,36.7441
RS F Nelson 156-91-2413H-4,Hess RS Nelson,2024-06-01,16777,10852,270.22408,141.203592
RS F Nelson 156-91-2413H-4,Hess RS Nelson,2024-07-01,23513,9768,403.405948,177.5227
RS F Nelson 156-91-2413H-4,Hess RS Nelson,2024-08-01,14107,9473,235.905976,167.747884
RS F Nelson 156-91-2413H-4,Hess RS Nelson,2024-09-01,10666,7544,178.248728,191.193276
RS F Nelson 156-91-2413H-4,Hess RS Nelson,2024-10-01,16690,12680,274.775036,182.693436
RS F Nelson 156-91-2413H-4,Hess RS Nelson,2024-11-01,15962,14619,282.655096,182.498648
RS F Nelson 156-91-2413H-4,Hess RS Nelson,2024-12-01,13715,9970,225.387424,178.868508
RS F Nelson 156-91-2413H-4,Hess RS Nelson,2025-01-01,12175,9662,215.5949,177.859152
RS F Nelson 156-91-2413H-4,Hess RS Nelson,2025-02-01,10039,7848,164.932312,163.409424
RS F Nelson 156-91-2413H-4,Hess RS Nelson,2025-03-01,9850,10610,165.286472,218.144852
RS F Nelson 156-91-2413H-4,Hess RS Nelson,2025-04-01,7218,6445,120.219612,212.124132
RS F Nelson 156-91-2413H-4,Hess RS Nelson,2025-05-01,3656,2522,60.224908,105.53968
RS F Nelson 156-91-2413H-4,Hess RS Nelson,2025-06-01,6823,5844,114.340556,108.178172
RS F Nelson 156-91-2413H-4,Hess RS Nelson,2025-07-01,7900,7849,139.8932,153.847104
RS F Nelson 156-91-2413H-4,Hess RS Nelson,2025-08-01,6376,8715,112.906208,158.4866
RS F Nelson 156-91-2413H-4,Hess RS Nelson,2025-09-01,5306,7341,93.958648,129.994428
RS F Nelson 156-91-2413H-4,Hess RS Nelson,2025-10-01,6052,8545,107.168816,151.31486
RS F Nelson 156-91-2413H-4,Hess RS Nelson,2025-11-01,4957,8107,83.84738,143.558756
RS F Nelson 156-91-2413H-4,Hess RS Nelson,2025-12-01,4733,7980,83.811964,141.30984
RS F Nelson 156-91-2413H-4,Hess RS Nelson,2026-01-01,4016,6071,67.02478,106.86778
RS F Nelson 156-91-2413H-4,Hess RS Nelson,2026-02-01,3883,6195,66.546664,109.205236
RS F Nelson 156-91-2413H-4,Hess RS Nelson,2026-03-01,4677,9106,82.820316,161.249048
RS F Nelson 156-91-2413H-5,Hess RS Nelson,2024-06-01,12678,7234,204.155532,114.092644
RS F Nelson 156-91-2413H-5,Hess RS Nelson,2024-07-01,7266,7544,128.666328,133.589152
RS F Nelson 156-91-2413H-5,Hess RS Nelson,2024-08-01,14420,7581,255.34936,134.244348
RS F Nelson 156-91-2413H-5,Hess RS Nelson,2024-09-01,15663,11135,277.360404,197.17858
RS F Nelson 156-91-2413H-5,Hess RS Nelson,2024-10-01,15108,10086,267.532464,149.703432
RS F Nelson 156-91-2413H-5,Hess RS Nelson,2024-11-01,14298,6755,253.188984,119.61754
RS F Nelson 156-91-2413H-5,Hess RS Nelson,2024-12-01,13452,8739,238.208016,154.750212
RS F Nelson 156-91-2413H-5,Hess RS Nelson,2025-01-01,12953,10594,229.371724,178.284144
RS F Nelson 156-91-2413H-5,Hess RS Nelson,2025-02-01,11123,9728,196.966084,172.263424
RS F Nelson 156-91-2413H-5,Hess RS Nelson,2025-03-01,8231,10105,137.219292,127.9403
RS F Nelson 156-91-2413H-5,Hess RS Nelson,2025-04-01,3837,6810,67.945596,120.59148
RS F Nelson 156-91-2413H-5,Hess RS Nelson,2025-05-01,5706,6055,95.570076,107.22194
RS F Nelson 156-91-2413H-5,Hess RS Nelson,2025-06-01,7499,6723,125.213268,121.317508
RS F Nelson 156-91-2413H-5,Hess RS Nelson,2025-07-01,6552,7996,106.301124,141.593168
RS F Nelson 156-91-2413H-5,Hess RS Nelson,2025-08-01,6041,8096,101.183512,143.363968
RS F Nelson 156-91-2413H-5,Hess RS Nelson,2025-09-01,5505,7143,93.020124,126.488244
RS F Nelson 156-91-2413H-5,Hess RS Nelson,2025-10-01,4326,5947,76.604808,105.309476
RS F Nelson 156-91-2413H-5,Hess RS Nelson,2025-11-01,5300,5433,93.8524,96.207564
RS F Nelson 156-91-2413H-5,Hess RS Nelson,2025-12-01,5087,5556,86.131712,98.385648
RS F Nelson 156-91-2413H-5,Hess RS Nelson,2026-01-01,4736,6032,79.809956,112.0031
RS F Nelson 156-91-2413H-5,Hess RS Nelson,2026-02-01,4131,5924,69.928892,107.452144
RS F Nelson 156-91-2413H-5,Hess RS Nelson,2026-03-01,4445,7198,74.975672,127.462184
RS F Nelson 156-91-2413H-6,Hess RS Nelson,2024-05-01,5249,3867,92.949292,68.476836
RS F Nelson 156-91-2413H-6,Hess RS Nelson,2024-06-01,16671,10446,268.45328,150.110716
RS F Nelson 156-91-2413H-6,Hess RS Nelson,2024-07-01,24653,9114,436.555324,161.390712
RS F Nelson 156-91-2413H-6,Hess RS Nelson,2024-08-01,18697,9433,331.086476,167.039564
RS F Nelson 156-91-2413H-6,Hess RS Nelson,2024-09-01,19689,11218,348.652812,198.648344
RS F Nelson 156-91-2413H-6,Hess RS Nelson,2024-10-01,16981,5330,278.759336,94.38364
RS F Nelson 156-91-2413H-6,Hess RS Nelson,2024-11-01,15115,8774,248.638028,141.593168
RS F Nelson 156-91-2413H-6,Hess RS Nelson,2024-12-01,15291,8369,270.773028,148.198252
RS F Nelson 156-91-2413H-6,Hess RS Nelson,2025-01-01,16065,9211,260.466972,191.051612
RS F Nelson 156-91-2413H-6,Hess RS Nelson,2025-02-01,10821,8273,177.239372,134.04956
RS F Nelson 156-91-2413H-6,Hess RS Nelson,2025-03-01,10407,10220,173.467568,157.707448
RS F Nelson 156-91-2413H-6,Hess RS Nelson,2025-04-01,8826,8299,156.290808,146.958692
RS F Nelson 156-91-2413H-6,Hess RS Nelson,2025-05-01,6241,4411,103.23764,80.004744
RS F Nelson 156-91-2413H-6,Hess RS Nelson,2025-06-01,8623,8445,145.134768,147.401392
RS F Nelson 156-91-2413H-6,Hess RS Nelson,2025-07-01,8382,9704,136.068272,176.070644
RS F Nelson 156-91-2413H-6,Hess RS Nelson,2025-08-01,4978,6532,82.714068,125.974712
RS F Nelson 156-91-2413H-6,Hess RS Nelson,2025-09-01,7228,8641,127.993424,153.014828
RS F Nelson 156-91-2413H-6,Hess RS Nelson,2025-10-01,4880,8032,86.41504,151.598188
RS F Nelson 156-91-2413H-6,Hess RS Nelson,2025-11-01,5965,8377,105.62822,148.339916
RS F Nelson 156-91-2413H-6,Hess RS Nelson,2025-12-01,5467,9047,96.809636,160.204276
RS F Nelson 156-91-2413H-6,Hess RS Nelson,2026-01-01,6214,11297,104.229288,207.307556
RS F Nelson 156-91-2413H-6,Hess RS Nelson,2026-02-01,5025,8571,84.856736,168.509328
RS F Nelson 156-91-2413H-6,Hess RS Nelson,2026-03-01,5841,10335,103.432428,184.269448
RS Feldman 156-92-1423H-2,Hess RS Feldman,2024-03-01,14394,7255,352.609818,177.725735
RS Feldman 156-92-1423H-2,Hess RS Feldman,2024-04-01,23610,13929,578.37417,341.218713
RS Feldman 156-92-1423H-2,Hess RS Feldman,2024-05-01,13812,8862,338.352564,217.092414
RS Feldman 156-92-1423H-2,Hess RS Feldman,2024-06-01,18562,12993,442.66079,335.927361
RS Feldman 156-92-1423H-2,Hess RS Feldman,2024-07-01,19582,13411,479.700254,353.050764
RS Feldman 156-92-1423H-2,Hess RS Feldman,2024-08-01,17730,12316,434.33181,301.705052
RS Feldman 156-92-1423H-2,Hess RS Feldman,2024-09-01,18782,12250,460.102654,300.08825
RS Feldman 156-92-1423H-2,Hess RS Feldman,2024-10-01,21032,13786,515.220904,425.586381
RS Feldman 156-92-1423H-2,Hess RS Feldman,2024-11-01,16103,10065,394.475191,246.562305
RS Feldman 156-92-1423H-2,Hess RS Feldman,2024-12-01,5618,3526,139.167457,86.376422
RS Feldman 156-92-1423H-2,Hess RS Feldman,2025-01-01,12762,9499,283.724254,263.318253
RS Feldman 156-92-1423H-2,Hess RS Feldman,2025-02-01,12266,13722,293.498557,211.605086
RS Feldman 156-92-1423H-2,Hess RS Feldman,2025-03-01,12927,16021,291.220336,392.466437
RS Feldman 156-92-1423H-2,Hess RS Feldman,2025-04-01,11798,14135,289.015606,346.265095
RS Feldman 156-92-1423H-2,Hess RS Feldman,2025-05-01,14441,20330,318.681473,724.278302
RS Feldman 156-92-1423H-2,Hess RS Feldman,2025-06-01,12528,25233,281.22556,615.413634
RS Feldman 156-92-1423H-2,Hess RS Feldman,2025-07-01,7359,12636,163.125523,331.19944
RS Feldman 156-92-1423H-2,Hess RS Feldman,2025-08-01,7471,9371,171.674976,241.515923
RS Feldman 156-92-1423H-2,Hess RS Feldman,2025-09-01,8399,15211,202.859657,381.393793
RS Feldman 156-92-1423H-2,Hess RS Feldman,2025-10-01,7828,20107,162.219134,488.323198
RS Feldman 156-92-1423H-2,Hess RS Feldman,2025-11-01,6858,17357,168.000426,425.194429
RS Feldman 156-92-1423H-2,Hess RS Feldman,2025-12-01,5340,13849,130.81398,317.799581
RS Feldman 156-92-1423H-2,Hess RS Feldman,2026-01-01,5141,12331,120.133288,301.215112
RS Feldman 156-92-1423H-2,Hess RS Feldman,2026-02-01,4783,11588,110.824428,290.926372
RS Feldman 156-92-1423H-2,Hess RS Feldman,2026-03-01,5076,12230,124.077305,304.767177
RS Feldman 156-92-1423H-3,Hess RS Feldman,2024-03-01,21667,12615,530.776499,309.029655
RS Feldman 156-92-1423H-3,Hess RS Feldman,2024-04-01,23888,17702,525.509644,433.645894
RS Feldman 156-92-1423H-3,Hess RS Feldman,2024-05-01,15887,9970,389.183839,244.23509
RS Feldman 156-92-1423H-3,Hess RS Feldman,2024-06-01,20513,13361,489.156096,353.271237
RS Feldman 156-92-1423H-3,Hess RS Feldman,2024-07-01,18915,12660,463.360755,310.13202
RS Feldman 156-92-1423H-3,Hess RS Feldman,2024-08-01,18451,12761,451.994147,325.687615
RS Feldman 156-92-1423H-3,Hess RS Feldman,2024-09-01,17605,11329,398.713172,277.526513
RS Feldman 156-92-1423H-3,Hess RS Feldman,2024-10-01,20181,13659,456.62408,382.496158
RS Feldman 156-92-1423H-3,Hess RS Feldman,2024-11-01,19175,12080,433.670391,345.113736
RS Feldman 156-92-1423H-3,Hess RS Feldman,2024-12-01,17358,12286,392.319455,384.6029
RS Feldman 156-92-1423H-3,Hess RS Feldman,2025-01-01,16625,11930,377.523267,404.837422
RS Feldman 156-92-1423H-3,Hess RS Feldman,2025-02-01,13218,11485,308.539715,281.054081
RS Feldman 156-92-1423H-3,Hess RS Feldman,2025-03-01,14473,20745,328.284297,301.117124
RS Feldman 156-92-1423H-3,Hess RS Feldman,2025-04-01,12366,11093,275.34628,444.057119
RS Feldman 156-92-1423H-3,Hess RS Feldman,2025-05-01,13833,17953,305.992027,600.152003
RS Feldman 156-92-1423H-3,Hess RS Feldman,2025-06-01,12682,23815,284.214194,647.896656
RS Feldman 156-92-1423H-3,Hess RS Feldman,2025-07-01,11118,19686,249.722418,479.773745
RS Feldman 156-92-1423H-3,Hess RS Feldman,2025-08-01,11041,23735,251.437208,596.085501
RS Feldman 156-92-1423H-3,Hess RS Feldman,2025-09-01,9363,19486,225.029442,477.348542
RS Feldman 156-92-1423H-3,Hess RS Feldman,2025-10-01,8170,14972,200.14049,366.769084
RS Feldman 156-92-1423H-3,Hess RS Feldman,2025-11-01,7634,12969,187.010098,317.701593
RS Feldman 156-92-1423H-3,Hess RS Feldman,2025-12-01,6829,11967,167.290013,293.155599
RS Feldman 156-92-1423H-3,Hess RS Feldman,2026-01-01,7417,12360,170.940066,309.519595
RS Feldman 156-92-1423H-3,Hess RS Feldman,2026-02-01,6403,10831,148.402826,273.87646
RS Feldman 156-92-1423H-3,Hess RS Feldman,2026-03-01,7113,11851,174.247161,290.313947
STS South 101-H,Kimmeridge STS,2024-09-01,4160.8,185441,101.4195,4520.124375
STS South 101-H,Kimmeridge STS,2024-10-01,6807.4,274532,165.930375,6691.7175
STS South 101-H,Kimmeridge STS,2024-11-01,5437.26,250321,132.5332125,6101.574375
STS South 101-H,Kimmeridge STS,2024-12-01,5681.26,252269,138.4807125,6149.056875
STS South 101-H,Kimmeridge STS,2025-01-01,5251.98,261912,128.0170125,6384.105
STS South 101-H,Kimmeridge STS,2025-02-01,3732.68,213485,90.984075,5203.696875
STS South 101-H,Kimmeridge STS,2025-03-01,3803.98,230575,92.7220125,5620.265625
STS South 101-H,Kimmeridge STS,2025-04-01,3080.93,204201,75.09766875,4977.399375
STS South 101-H,Kimmeridge STS,2025-05-01,2456.17,174974,59.86914375,4264.99125
STS South 101-H,Kimmeridge STS,2025-06-01,1870.78,147834,45.6002625,3603.45375
STS South 101-H,Kimmeridge STS,2025-07-01,1802.84,137319,43.944225,3347.150625
STS South 101-H,Kimmeridge STS,2025-08-01,1555.11,118457,37.90580625,2887.389375
STS South 101-H,Kimmeridge STS,2025-09-01,1239.35,89550,30.20915625,2182.78125
STS South 101-H,Kimmeridge STS,2025-10-01,1542.53,103411,37.59916875,2520.643125
STS South 101-H,Kimmeridge STS,2025-11-01,1534.17,93133,37.39539375,2270.116875
STS South 101-H,Kimmeridge STS,2025-12-01,1501.52,93451,36.59955,2277.868125
STS South 101-H,Kimmeridge STS,2026-01-01,1079.96,85607,26.324025,2086.670625
STS South 101-H,Kimmeridge STS,2026-02-01,1215.69,74377,29.63244375,1812.939375
STS South 101-H,Kimmeridge STS,2026-03-01,1275.78,76494,31.0971375,1864.54125
STS South 101-H,Kimmeridge STS,2026-04-01,959.17,68165,23.37976875,1661.521875
STS South A 102-H,Kimmeridge STS,2024-09-01,5370.85,207906,130.91446875,5067.70875
STS South A 102-H,Kimmeridge STS,2024-10-01,8251.29,320199,201.12519375,7804.850625
STS South A 102-H,Kimmeridge STS,2024-11-01,7558.99,310673,184.25038125,7572.654375
STS South A 102-H,Kimmeridge STS,2024-12-01,7674.45,300079,187.06471875,7314.425625
STS South A 102-H,Kimmeridge STS,2025-01-01,7064.84,313106,172.205475,7631.95875
STS South A 102-H,Kimmeridge STS,2025-02-01,5291.92,257009,128.99055,6264.594375
STS South A 102-H,Kimmeridge STS,2025-03-01,5444.49,273504,132.70944375,6666.66
STS South A 102-H,Kimmeridge STS,2025-04-01,4434.35,247657,108.08728125,6036.639375
STS South A 102-H,Kimmeridge STS,2025-05-01,3734.17,237282,91.02039375,5783.74875
STS South A 102-H,Kimmeridge STS,2025-06-01,2787.29,202449,67.94019375,4934.694375
STS South A 102-H,Kimmeridge STS,2025-07-01,2634.09,188786,64.20594375,4601.65875
STS South A 102-H,Kimmeridge STS,2025-08-01,2236.39,167908,54.51200625,4092.7575
STS South A 102-H,Kimmeridge STS,2025-09-01,1746.17,126563,42.56289375,3084.973125
STS South A 102-H,Kimmeridge STS,2025-10-01,2175.06,143976,53.0170875,3509.415
STS South A 102-H,Kimmeridge STS,2025-11-01,2056.35,134746,50.12353125,3284.43375
STS South A 102-H,Kimmeridge STS,2025-12-01,1774.14,131324,43.2446625,3201.0225
STS South A 102-H,Kimmeridge STS,2026-01-01,1377.98,124200,33.5882625,3027.375
STS South A 102-H,Kimmeridge STS,2026-02-01,1108.32,107838,27.0153,2628.55125
STS South A 102-H,Kimmeridge STS,2026-03-01,1268.23,112478,30.91310625,2741.65125
STS South A 102-H,Kimmeridge STS,2026-04-01,1215.79,98213,29.63488125,2393.941875
SUNELL 11-17H,MRO Various,2025-11-01,16416,7240,16.58016,7.3124
SUNELL 11-17H,MRO Various,2025-12-01,39832,23744,40.23032,23.98144
SUNELL 11-17H,MRO Various,2026-01-01,31527,18804,31.84227,18.99204
SUNELL 11-17H,MRO Various,2026-02-01,25203,15405,25.45503,15.55905
SUNELL 11-17H,MRO Various,2026-03-01,24745,15252,24.99245,15.40452
TANAGER 0705-18H,EOG Tanager,2024-02-01,1772.12,490.36,17.77967996,4.91978188
TANAGER 0705-18H,EOG Tanager,2024-03-01,11603.48,4247.16,116.41771484,42.61175628
TANAGER 0705-18H,EOG Tanager,2024-04-01,9942.9,9218.92,99.7571157,92.49342436
TANAGER 0705-18H,EOG Tanager,2024-05-01,9324.26,12487.53,93.55030058,125.28738849
TANAGER 0705-18H,EOG Tanager,2024-06-01,6573.48,11909.86,65.95172484,119.49162538
TANAGER 0705-18H,EOG Tanager,2024-07-01,8434.8,14911.86,84.6263484,149.61069138
TANAGER 0705-18H,EOG Tanager,2024-08-01,8309.62,10752.66,83.37041746,107.88143778
TANAGER 0705-18H,EOG Tanager,2024-09-01,7616.64,8261.73,76.41774912,82.88993709
TANAGER 0705-18H,EOG Tanager,2024-10-01,7210.17,7717.02,72.33963561,77.42486166
TANAGER 0705-18H,EOG Tanager,2024-11-01,5845.26,4849.11,58.64549358,48.65112063
TANAGER 0705-18H,EOG Tanager,2024-12-01,6203.54,4921.06,62.24011682,49.37299498
TANAGER 0705-18H,EOG Tanager,2025-01-01,5412.13,5123.34,54.29990029,51.40247022
TANAGER 0705-18H,EOG Tanager,2025-02-01,4405.29,951.77,44.19827457,9.54910841
TANAGER 0705-18H,EOG Tanager,2025-03-01,4064.33,4341.53,40.77742289,43.55857049
TANAGER 0705-18H,EOG Tanager,2025-04-01,4689.9,5649.96,47.0537667,56.68604868
TANAGER 0705-18H,EOG Tanager,2025-05-01,5292.78,7896.29,53.10246174,79.22347757
TANAGER 0705-18H,EOG Tanager,2025-06-01,4374.5,7558.68,43.8893585,75.83623644
TANAGER 0705-18H,EOG Tanager,2025-07-01,5295.43,9293.02,53.12904919,93.23686966
TANAGER 0705-18H,EOG Tanager,2025-08-01,4438.17,6894.51,44.52815961,69.17261883
TANAGER 0705-18H,EOG Tanager,2025-09-01,4699.39,8777.5,47.14897987,88.0646575
TANAGER 0705-18H,EOG Tanager,2025-10-01,4807.44,9171.76,48.23304552,92.02026808
TANAGER 0705-18H,EOG Tanager,2025-11-01,3954.89,7637.75,39.67941137,76.62954575
TANAGER 0705-18H,EOG Tanager,2025-12-01,1978.43,3208.07,19.84958819,32.18656631
TANAGER 0705-18H,EOG Tanager,2026-01-01,3982.11,6324.35,39.95250963,63.45220355
TANAGER 0705-18H,EOG Tanager,2026-02-01,3719.55,6613.41,37.31824515,66.35234253
TANAGER 0705-18H,EOG Tanager,2026-03-01,4006.34,7374.76,40.19560922,73.99096708
TANAGER 0705-18H,EOG Tanager,2026-04-01,1613.04,3129.38,16.18363032,31.39706954
TANAGER 0705-19H,EOG Tanager,2024-02-01,2837.51,860.82,28.46873783,8.63660706
TANAGER 0705-19H,EOG Tanager,2024-03-01,14939.84,8742.15,149.89141472,87.70999095
TANAGER 0705-19H,EOG Tanager,2024-04-01,14688.43,14928.42,147.36901819,149.77683786
TANAGER 0705-19H,EOG Tanager,2024-05-01,14395.86,13132.47,144.43366338,131.75807151
TANAGER 0705-19H,EOG Tanager,2024-06-01,9068.95,6529.52,90.98877535,65.51067416
TANAGER 0705-19H,EOG Tanager,2024-07-01,7882.48,3716.23,79.08492184,37.28493559
TANAGER 0705-19H,EOG Tanager,2024-08-01,9550.01,7432.92,95.81525033,74.57448636
TANAGER 0705-19H,EOG Tanager,2024-09-01,10069.68,12040.12,101.02909944,120.79852396
TANAGER 0705-19H,EOG Tanager,2024-10-01,9050.85,10674.25,90.80717805,107.09475025
TANAGER 0705-19H,EOG Tanager,2024-11-01,6838.53,8535.35,68.61097149,85.63516655
TANAGER 0705-19H,EOG Tanager,2024-12-01,6342.64,7191.68,63.63570712,72.15412544
TANAGER 0705-19H,EOG Tanager,2025-01-01,4655.91,5967.61,46.71274503,59.87303113
TANAGER 0705-19H,EOG Tanager,2025-02-01,4445.01,518,44.59678533,5.197094
TANAGER 0705-19H,EOG Tanager,2025-03-01,3834.23,3212.35,38.46882959,32.22950755
TANAGER 0705-19H,EOG Tanager,2025-04-01,4414.53,3756.51,44.29097949,37.68906483
TANAGER 0705-19H,EOG Tanager,2025-05-01,3786.58,2767.94,37.99075714,27.77074202
TANAGER 0705-19H,EOG Tanager,2025-06-01,3599.91,1550.83,36.11789703,15.55947739
TANAGER 0705-19H,EOG Tanager,2025-07-01,4054.85,3387.66,40.68231005,33.98839278
TANAGER 0705-19H,EOG Tanager,2025-08-01,3546.15,3466.42,35.57852295,34.77859186
TANAGER 0705-19H,EOG Tanager,2025-09-01,3898.92,3327.01,39.11786436,33.37989133
TANAGER 0705-19H,EOG Tanager,2025-10-01,3788.37,2993.58,38.00871621,30.03458814
TANAGER 0705-19H,EOG Tanager,2025-11-01,3884.79,3373.15,38.97609807,33.84281395
TANAGER 0705-19H,EOG Tanager,2025-12-01,1394.35,98.25,13.98951355,0.98574225
TANAGER 0705-19H,EOG Tanager,2026-01-01,2531.94,374.31,25.40295402,3.75545223
TANAGER 0705-19H,EOG Tanager,2026-02-01,1867.49,146.25,18.73652717,1.46732625
TANAGER 0705-19H,EOG Tanager,2026-03-01,2324.42,1227.52,23.32090586,12.31570816
TANAGER 0705-19H,EOG Tanager,2026-04-01,1199.3,910.3,12.0325769,9.1330399
TCB 11-2-35 1H,Kraken TCB,2025-03-01,21454.710657,49536.3051138,245.2058880989,566.1504311456
TCB 11-2-35 1H,Kraken TCB,2025-04-01,32152.8807781,77523.299904,367.4752744129,886.0137946028
TCB 11-2-35 1H,Kraken TCB,2025-05-01,34259.0449197,79023.990227,391.5466243873,903.1651843044
TCB 11-2-35 1H,Kraken TCB,2025-06-01,29167.4233959,66430.701551,333.3544819917,759.2364880264
TCB 11-2-35 1H,Kraken TCB,2025-07-01,24676.12,25616.88,282.02337548,292.77532152
TCB 11-2-35 1H,Kraken TCB,2025-08-01,20235.52,27128.42,231.27175808,310.05071218
TCB 11-2-35 1H,Kraken TCB,2025-09-01,17889.26,23517.18,204.45635254,268.77785022
TCB 11-2-35 1H,Kraken TCB,2025-10-01,14540.2,17670.72,166.1799458,201.95865888
TCB 11-2-35 1H,Kraken TCB,2025-11-01,12240.92,16323.52,139.90147468,186.56151008
TCB 11-2-35 1H,Kraken TCB,2025-12-01,13211.54,18224.44,150.99469066,208.28712476
TCB 11-2-35 1H,Kraken TCB,2026-01-01,9056.8030594098,11663.6878339057,103.510202166,133.3042882537
TCB 11-2-35 1H,Kraken TCB,2026-02-01,4528.3278846454,4770.8193971333,51.7542593936,54.5256948898
TCB 11-2-35 1H,Kraken TCB,2026-03-01,17539.5567684499,25068.7396165863,200.4595943066,286.510625078
TCB 11-2-35 1H,Kraken TCB,2026-04-01,13992.002800959,21519.8686878259,159.9146000122,245.9505792332
TCB 11-2-35 2H,Kraken TCB,2025-03-01,21374.8258881,16600.70394944,244.2928850751,189.7294454381
TCB 11-2-35 2H,Kraken TCB,2025-04-01,29939.5330785,26619.4045276,342.1789235542,304.2331743459
TCB 11-2-35 2H,Kraken TCB,2025-05-01,33728.4836912,30277.1088426,385.4828401067,346.0370769621
TCB 11-2-35 2H,Kraken TCB,2025-06-01,28207.3981149,27630.3827188,322.3823530552,315.7876440932
TCB 11-2-35 2H,Kraken TCB,2025-07-01,23597.34,24964.19,269.69399886,285.31572751
TCB 11-2-35 2H,Kraken TCB,2025-08-01,15998.08,21274.35,182.84205632,243.14454615
TCB 11-2-35 2H,Kraken TCB,2025-09-01,15274.62,19722.9,174.57363198,225.4130241
TCB 11-2-35 2H,Kraken TCB,2025-10-01,14361.27,18346.75,164.13495483,209.68500575
TCB 11-2-35 2H,Kraken TCB,2025-11-01,11191.1,15425.9,127.9030819,176.3026111
TCB 11-2-35 2H,Kraken TCB,2025-12-01,8749.87,10880.22,100.00226423,124.35003438
TCB 11-2-35 2H,Kraken TCB,2026-01-01,15116.2494556354,24693.3280786397,172.7636150285,282.2200466108
TCB 11-2-35 2H,Kraken TCB,2026-02-01,13050.9818107073,29401.1252598393,149.1596711146,336.0254605947
TCB 11-2-35 2H,Kraken TCB,2026-03-01,11592.7221720399,25049.4658083381,132.4932217042,286.2903447235
TCB 11-2-35 2H,Kraken TCB,2026-04-01,9455.6876916286,18800.5401238498,108.0690546276,214.8713730755
TCB 11-2-35 3H,Kraken TCB,2025-03-01,20633.5562816,15232.6270702,235.8209147424,174.0936947853
TCB 11-2-35 3H,Kraken TCB,2025-04-01,29152.1168237,25110.7858994,333.1795431781,286.9911720442
TCB 11-2-35 3H,Kraken TCB,2025-05-01,32852.409624,28739.1258469,375.4701895927,328.4594693042
TCB 11-2-35 3H,Kraken TCB,2025-06-01,18872,17186,215.688088,196.418794
TCB 11-2-35 3H,Kraken TCB,2025-07-01,23368.19,22876.17,267.07504351,261.45174693
TCB 11-2-35 3H,Kraken TCB,2025-08-01,10265.48,13603.39,117.32417092,155.47314431
TCB 11-2-35 3H,Kraken TCB,2025-09-01,17200.81,18502.46,196.58805749,211.46461534
TCB 11-2-35 3H,Kraken TCB,2025-10-01,20831.7,18229.02,238.0854993,208.33946958
TCB 11-2-35 3H,Kraken TCB,2025-11-01,10054.29,13320.08,114.91048041,152.23519432
TCB 11-2-35 3H,Kraken TCB,2025-12-01,15919.95,22929.5,181.94910855,262.0612555
TCB 11-2-35 3H,Kraken TCB,2026-01-01,19603.4814612453,34500.9527882578,224.0481896206,394.311389417
TCB 11-2-35 3H,Kraken TCB,2026-02-01,13278.6637589545,27568.2954568847,151.7618481011,315.0780487767
TCB 11-2-35 3H,Kraken TCB,2026-03-01,10193.9103812445,14873.8158817026,116.5062017472,169.992841712
TCB 11-2-35 3H,Kraken TCB,2026-04-01,12020.691209157,22723.6098022833,137.3844798295,259.7081364303
TCB 11-2-35 4H,Kraken TCB,2025-03-01,21375.6708703,15687.6908249,244.3025423767,179.2946184378
TCB 11-2-35 4H,Kraken TCB,2025-04-01,32057.4955231,27245.7953684,366.3851163335,311.3921952654
TCB 11-2-35 4H,Kraken TCB,2025-05-01,34843.1034459,29637.4756631,398.2218292832,338.7267093536
TCB 11-2-35 4H,Kraken TCB,2025-06-01,29449.3103493,27427.7588746,336.5761679821,313.4718561778
TCB 11-2-35 4H,Kraken TCB,2025-07-01,17154.73,15252.2,196.06140917,174.3173938
TCB 11-2-35 4H,Kraken TCB,2025-08-01,814.36,676.38,9.30732044,7.73034702
TCB 11-2-35 4H,Kraken TCB,2025-09-01,8678.12,9912.09,99.18223348,113.28527661
TCB 11-2-35 4H,Kraken TCB,2025-10-01,18365.04,21176.92,209.89404216,242.03101868
TCB 11-2-35 4H,Kraken TCB,2025-11-01,19429.8,25138.88,222.0631842,287.31225952
TCB 11-2-35 4H,Kraken TCB,2025-12-01,17914.44,22964.61,204.74413476,262.46252769
TCB 11-2-35 4H,Kraken TCB,2026-01-01,14570.5594237095,16580.4604658635,166.5269236536,189.4980826644
TCB 11-2-35 4H,Kraken TCB,2026-02-01,12385.9705056928,15511.1598861427,141.5592569096,177.2770463387
TCB 11-2-35 4H,Kraken TCB,2026-03-01,11259.1689182658,12345.934733373,128.6810415669,141.1016880677
TCB 11-2-35 4H,Kraken TCB,2026-04-01,9850.6753382555,9531.953486041,112.5833684409,108.940696392
Tiny Fed 3671-17-20-15E NH,AEC 12-well,2023-09-01,22226,20374,21.403638,19.620162
Tiny Fed 3671-17-20-15E NH,AEC 12-well,2023-10-01,33932,32051,32.676516,30.865113
Tiny Fed 3671-17-20-15E NH,AEC 12-well,2023-11-01,19625,19882,18.898875,19.146366
Tiny Fed 3671-17-20-15E NH,AEC 12-well,2023-12-01,20306,22598,19.554678,21.761874
Tiny Fed 3671-17-20-15E NH,AEC 12-well,2024-01-01,15940,24695,15.35022,23.781285
Tiny Fed 3671-17-20-15E NH,AEC 12-well,2024-02-01,12558,19175,12.093354,18.465525
Tiny Fed 3671-17-20-15E NH,AEC 12-well,2024-03-01,10248,17454,9.868824,16.808202
Tiny Fed 3671-17-20-15E NH,AEC 12-well,2024-04-01,9092,20043,8.755596,19.301409
Tiny Fed 3671-17-20-15E NH,AEC 12-well,2024-05-01,8416,16555,8.104608,15.942465
Tiny Fed 3671-17-20-15E NH,AEC 12-well,2024-06-01,8020,13856,7.72326,13.343328
Tiny Fed 3671-17-20-15E NH,AEC 12-well,2024-07-01,7408,11625,7.133904,11.194875
Tiny Fed 3671-17-20-15E NH,AEC 12-well,2024-08-01,7115,9964,6.851745,9.595332
Tiny Fed 3671-17-20-15E NH,AEC 12-well,2024-09-01,6318,9689,6.084234,9.330507
Tiny Fed 3671-17-20-15E NH,AEC 12-well,2024-10-01,6356,10025,6.120828,9.654075
Tiny Fed 3671-17-20-15E NH,AEC 12-well,2024-11-01,5591,8764,5.384133,8.439732
Tiny Fed 3671-17-20-15E NH,AEC 12-well,2024-12-01,5948,9735,5.727924,9.374805
Tiny Fed 3671-17-20-15E NH,AEC 12-well,2025-01-01,5263,7441,5.068269,7.165683
Tiny Fed 3671-17-20-15E NH,AEC 12-well,2025-02-01,4921,7366,4.738923,7.093458
Tiny Fed 3671-17-20-15E NH,AEC 12-well,2025-03-01,5190,7364,4.99797,7.091532
Tiny Fed 3671-17-20-15E NH,AEC 12-well,2025-04-01,4766,6881,4.589658,6.626403
Tiny Fed 3671-17-20-15E NH,AEC 12-well,2025-05-01,4806,6782,4.628178,6.531066
Tiny Fed 3671-17-20-15E NH,AEC 12-well,2025-06-01,4669,6157,4.496247,5.929191
Tiny Fed 3671-17-20-15E NH,AEC 12-well,2025-07-01,4380,5630,4.21794,5.42169
Tiny Fed 3671-17-20-15E NH,AEC 12-well,2025-08-01,4374,5612,4.212162,5.404356
Tiny Fed 3671-17-20-15E NH,AEC 12-well,2025-09-01,3510,4693,3.38013,4.519359
Tiny Fed 3671-17-20-15E NH,AEC 12-well,2025-10-01,3406,4430,3.279978,4.26609
Tiny Fed 3671-17-20-15E NH,AEC 12-well,2025-11-01,3172,3840,3.054636,3.69792
Tiny Fed 3671-17-20-15E NH,AEC 12-well,2025-12-01,2740,4353,2.63862,4.191939
Tiny Fed 3671-17-20-15E NH,AEC 12-well,2026-01-01,2605,4608,2.508615,4.437504
Tiny Fed 3671-17-20-15E NH,AEC 12-well,2026-02-01,2723,5176,2.622249,4.984488
Tiny Fed 3671-17-20-16E NH,AEC 12-well,2023-09-01,25366,22593,24.427458,21.757059
Tiny Fed 3671-17-20-16E NH,AEC 12-well,2023-10-01,30091,26811,28.977633,25.818993
Tiny Fed 3671-17-20-16E NH,AEC 12-well,2023-11-01,18406,17174,17.724978,16.538562
Tiny Fed 3671-17-20-16E NH,AEC 12-well,2023-12-01,17979,19816,17.313777,19.082808
Tiny Fed 3671-17-20-16E NH,AEC 12-well,2024-01-01,14258,17800,13.730454,17.1414
Tiny Fed 3671-17-20-16E NH,AEC 12-well,2024-02-01,10140,16721,9.76482,16.102323
Tiny Fed 3671-17-20-16E NH,AEC 12-well,2024-03-01,10239,12619,9.860157,12.152097
Tiny Fed 3671-17-20-16E NH,AEC 12-well,2024-04-01,9188,16574,8.848044,15.960762
Tiny Fed 3671-17-20-16E NH,AEC 12-well,2024-05-01,10254,13948,9.874602,13.431924
Tiny Fed 3671-17-20-16E NH,AEC 12-well,2024-06-01,8454,10712,8.141202,10.315656
Tiny Fed 3671-17-20-16E NH,AEC 12-well,2024-07-01,7296,7905,7.026048,7.612515
Tiny Fed 3671-17-20-16E NH,AEC 12-well,2024-08-01,7049,12300,6.788187,11.8449
Tiny Fed 3671-17-20-16E NH,AEC 12-well,2024-09-01,5059,5948,4.871817,5.727924
Tiny Fed 3671-17-20-16E NH,AEC 12-well,2024-10-01,6745,9073,6.495435,8.737299
Tiny Fed 3671-17-20-16E NH,AEC 12-well,2024-11-01,5743,10027,5.530509,9.656001
Tiny Fed 3671-17-20-16E NH,AEC 12-well,2024-12-01,5373,10746,5.174199,10.348398
Tiny Fed 3671-17-20-16E NH,AEC 12-well,2025-01-01,5120,7453,4.93056,7.177239
Tiny Fed 3671-17-20-16E NH,AEC 12-well,2025-02-01,4372,6711,4.210236,6.462693
Tiny Fed 3671-17-20-16E NH,AEC 12-well,2025-03-01,4816,7284,4.637808,7.014492
Tiny Fed 3671-17-20-16E NH,AEC 12-well,2025-04-01,4275,5372,4.116825,5.173236
Tiny Fed 3671-17-20-16E NH,AEC 12-well,2025-05-01,4326,5775,4.165938,5.561325
Tiny Fed 3671-17-20-16E NH,AEC 12-well,2025-06-01,4095,5351,3.943485,5.153013
Tiny Fed 3671-17-20-16E NH,AEC 12-well,2025-07-01,3821,5099,3.679623,4.910337
Tiny Fed 3671-17-20-16E NH,AEC 12-well,2025-08-01,3628,3073,3.493764,2.959299
Tiny Fed 3671-17-20-16E NH,AEC 12-well,2025-09-01,3236,2071,3.116268,1.994373
Tiny Fed 3671-17-20-16E NH,AEC 12-well,2025-10-01,3122,4613,3.006486,4.442319
Tiny Fed 3671-17-20-16E NH,AEC 12-well,2025-11-01,3149,4813,3.032487,4.634919
Tiny Fed 3671-17-20-16E NH,AEC 12-well,2025-12-01,4573,9134,4.403799,8.796042
Tiny Fed 3671-17-20-16E NH,AEC 12-well,2026-01-01,4925,11659,4.742775,11.227617
Tiny Fed 3671-17-20-16E NH,AEC 12-well,2026-02-01,3859,8315,3.716217,8.007345
Toughy Fee 3671-17-20-13W NH,AEC 12-well,2023-09-01,434,365,0.417942,0.351495
Toughy Fee 3671-17-20-13W NH,AEC 12-well,2023-10-01,37028,34952,35.657964,33.658776
Toughy Fee 3671-17-20-13W NH,AEC 12-well,2023-11-01,21738,22239,20.933694,21.416157
Toughy Fee 3671-17-20-13W NH,AEC 12-well,2023-12-01,20531,22096,19.771353,21.278448
Toughy Fee 3671-17-20-13W NH,AEC 12-well,2024-01-01,18196,23587,17.522748,22.714281
Toughy Fee 3671-17-20-13W NH,AEC 12-well,2024-02-01,11634,21555,11.203542,20.757465
Toughy Fee 3671-17-20-13W NH,AEC 12-well,2024-03-01,10230,18379,9.85149,17.698977
Toughy Fee 3671-17-20-13W NH,AEC 12-well,2024-04-01,8909,18258,8.579367,17.582454
Toughy Fee 3671-17-20-13W NH,AEC 12-well,2024-05-01,10584,12943,10.192392,12.464109
Toughy Fee 3671-17-20-13W NH,AEC 12-well,2024-06-01,8677,6655,8.355951,6.408765
Toughy Fee 3671-17-20-13W NH,AEC 12-well,2024-07-01,7366,11783,7.093458,11.347029
Toughy Fee 3671-17-20-13W NH,AEC 12-well,2024-08-01,7744,11175,7.457472,10.761525
Toughy Fee 3671-17-20-13W NH,AEC 12-well,2024-09-01,6585,8563,6.341355,8.246169
Toughy Fee 3671-17-20-13W NH,AEC 12-well,2024-10-01,6667,9415,6.420321,9.066645
Toughy Fee 3671-17-20-13W NH,AEC 12-well,2024-11-01,6161,9101,5.933043,8.764263
Toughy Fee 3671-17-20-13W NH,AEC 12-well,2024-12-01,5734,7920,5.521842,7.62696
Toughy Fee 3671-17-20-13W NH,AEC 12-well,2025-01-01,5399,7792,5.199237,7.503696
Toughy Fee 3671-17-20-13W NH,AEC 12-well,2025-02-01,4731,5959,4.555953,5.738517
Toughy Fee 3671-17-20-13W NH,AEC 12-well,2025-03-01,5504,7643,5.300352,7.360209
Toughy Fee 3671-17-20-13W NH,AEC 12-well,2025-04-01,4640,6017,4.46832,5.794371
Toughy Fee 3671-17-20-13W NH,AEC 12-well,2025-05-01,4546,4978,4.377798,4.793814
Toughy Fee 3671-17-20-13W NH,AEC 12-well,2025-06-01,4058,4600,3.907854,4.4298
Toughy Fee 3671-17-20-13W NH,AEC 12-well,2025-07-01,4439,5046,4.274757,4.859298
Toughy Fee 3671-17-20-13W NH,AEC 12-well,2025-08-01,4588,7787,4.418244,7.498881
Toughy Fee 3671-17-20-13W NH,AEC 12-well,2025-09-01,3520,2942,3.38976,2.833146
Toughy Fee 3671-17-20-13W NH,AEC 12-well,2025-10-01,3619,3935,3.485097,3.789405
Toughy Fee 3671-17-20-13W NH,AEC 12-well,2025-11-01,4048,7179,3.898224,6.913377
Toughy Fee 3671-17-20-13W NH,AEC 12-well,2025-12-01,2849,5166,2.743587,4.974858
Toughy Fee 3671-17-20-13W NH,AEC 12-well,2026-01-01,2494,3017,2.401722,2.905371
Toughy Fee 3671-17-20-13W NH,AEC 12-well,2026-02-01,2679,3161,2.579877,3.044043
Toughy Fee 3671-17-20-14W NH,AEC 12-well,2023-09-01,737,589,0.709731,0.567207
Toughy Fee 3671-17-20-14W NH,AEC 12-well,2023-10-01,37473,35235,36.086499,33.931305
Toughy Fee 3671-17-20-14W NH,AEC 12-well,2023-11-01,21740,22562,20.93562,21.727206
Toughy Fee 3671-17-20-14W NH,AEC 12-well,2023-12-01,20268,22137,19.518084,21.317931
Toughy Fee 3671-17-20-14W NH,AEC 12-well,2024-01-01,18246,21412,17.570898,20.619756
Toughy Fee 3671-17-20-14W NH,AEC 12-well,2024-02-01,11964,22201,11.521332,21.379563
Toughy Fee 3671-17-20-14W NH,AEC 12-well,2024-03-01,15358,21197,14.789754,20.412711
Toughy Fee 3671-17-20-14W NH,AEC 12-well,2024-04-01,8773,18628,8.448399,17.938764
Toughy Fee 3671-17-20-14W NH,AEC 12-well,2024-05-01,9666,16511,9.308358,15.900093
Toughy Fee 3671-17-20-14W NH,AEC 12-well,2024-06-01,9491,13551,9.139833,13.049613
Toughy Fee 3671-17-20-14W NH,AEC 12-well,2024-07-01,7084,8794,6.821892,8.468622
Toughy Fee 3671-17-20-14W NH,AEC 12-well,2024-08-01,7084,8883,6.821892,8.554329
Toughy Fee 3671-17-20-14W NH,AEC 12-well,2024-09-01,7742,10737,7.455546,10.339731
Toughy Fee 3671-17-20-14W NH,AEC 12-well,2024-10-01,6743,7178,6.493509,6.912414
Toughy Fee 3671-17-20-14W NH,AEC 12-well,2024-11-01,6957,8007,6.699591,7.710741
Toughy Fee 3671-17-20-14W NH,AEC 12-well,2024-12-01,5405,10473,5.205015,10.085499
Toughy Fee 3671-17-20-14W NH,AEC 12-well,2025-01-01,4756,7322,4.580028,7.051086
Toughy Fee 3671-17-20-14W NH,AEC 12-well,2025-02-01,4403,5303,4.240089,5.106789
Toughy Fee 3671-17-20-14W NH,AEC 12-well,2025-03-01,4549,6425,4.380687,6.187275
Toughy Fee 3671-17-20-14W NH,AEC 12-well,2025-04-01,4163,5457,4.008969,5.255091
Toughy Fee 3671-17-20-14W NH,AEC 12-well,2025-05-01,4030,5289,3.88089,5.093307
Toughy Fee 3671-17-20-14W NH,AEC 12-well,2025-06-01,3818,6677,3.676734,6.429951
Toughy Fee 3671-17-20-14W NH,AEC 12-well,2025-07-01,3995,5900,3.847185,5.6817
Toughy Fee 3671-17-20-14W NH,AEC 12-well,2025-08-01,4443,7936,4.278609,7.642368
Toughy Fee 3671-17-20-14W NH,AEC 12-well,2025-09-01,3510,4201,3.38013,4.045563
Toughy Fee 3671-17-20-14W NH,AEC 12-well,2025-10-01,3490,3846,3.36087,3.703698
Toughy Fee 3671-17-20-14W NH,AEC 12-well,2025-11-01,3623,4152,3.488949,3.998376
Toughy Fee 3671-17-20-14W NH,AEC 12-well,2025-12-01,2832,3515,2.727216,3.384945
Toughy Fee 3671-17-20-14W NH,AEC 12-well,2026-01-01,2445,2345,2.354535,2.258235
Toughy Fee 3671-17-20-14W NH,AEC 12-well,2026-02-01,2495,4089,2.402685,3.937707
Treble State 601H,FME Treble,2024-01-01,6764,3996,47.557684,28.095876
Treble State 601H,FME Treble,2024-02-01,18760,11336,131.90156,79.703416
Treble State 601H,FME Treble,2024-03-01,12064,7268,84.821984,51.101308
Treble State 601H,FME Treble,2024-04-01,12632,6922,88.815592,48.668582
Treble State 601H,FME Treble,2024-05-01,7920,4764,55.68552,33.495684
Treble State 601H,FME Treble,2024-06-01,12200,8392,85.7782,59.004152
Treble State 601H,FME Treble,2024-07-01,11362,8202,79.886222,57.668262
Treble State 601H,FME Treble,2024-08-01,9640,6690,67.77884,47.03739
Treble State 601H,FME Treble,2024-09-01,7530,4762,52.94343,33.481622
Treble State 601H,FME Treble,2024-10-01,7148,4208,50.257588,29.586448
Treble State 601H,FME Treble,2024-11-01,6924,3788,48.682644,26.633428
Treble State 601H,FME Treble,2024-12-01,6972,4258,49.020132,29.937998
Treble State 601H,FME Treble,2025-01-01,6246,3452,43.915626,24.271012
Treble State 601H,FME Treble,2025-02-01,0,0,31.048896,16.649408
Treble State 601H,FME Treble,2025-03-01,-22.88,4526.15,-0.16086928,31.82336065
Treble State 601H,FME Treble,2025-04-01,5848.48,5557.47,41.12066288,34.437838
Treble State 601H,FME Treble,2025-05-01,4883.21,4372.83,34.33384951,30.74536773
Treble State 601H,FME Treble,2025-06-01,5026.58,5062.42,35.344837,34.705016
Treble State 601H,FME Treble,2025-07-01,4306.81,3445.65,30.28118111,24.22636515
Treble State 601H,FME Treble,2025-08-01,4813.19,4086.01,33.840203,28.72873631
Treble State 601H,FME Treble,2025-09-01,4385.83,3850.61,30.844997,26.408436
Treble State 601H,FME Treble,2025-10-01,3568.54,3538.53,25.09040474,24.25695
Treble State 601H,FME Treble,2025-11-01,4042.04,4239.23,28.419302,29.059123
Treble State 601H,FME Treble,2025-12-01,5160.42,5354.29,36.286991,36.708851
Treble State 601H,FME Treble,2026-01-01,1838.16,1838.81,12.92410296,12.92867311
Treble State 601H,FME Treble,2026-02-01,2595.57,2272.95,18.24945267,15.98111145
Treble State 701H,FME Treble,2024-01-01,7508,5097,52.788748,35.837007
Treble State 701H,FME Treble,2024-02-01,17907,12824,125.904117,90.165544
Treble State 701H,FME Treble,2024-03-01,10610,7891,74.59891,55.481621
Treble State 701H,FME Treble,2024-04-01,7076,5261,49.751356,36.990091
Treble State 701H,FME Treble,2024-05-01,4925,3374,34.627675,23.722594
Treble State 701H,FME Treble,2024-06-01,6755,5277,47.494405,37.102587
Treble State 701H,FME Treble,2024-07-01,5770,4334,40.56887,30.472354
Treble State 701H,FME Treble,2024-08-01,5158,3881,36.265898,27.287311
Treble State 701H,FME Treble,2024-09-01,4312,2892,30.317672,20.333652
Treble State 701H,FME Treble,2024-10-01,4380,2945,30.79578,20.706295
Treble State 701H,FME Treble,2024-11-01,3978,2628,27.969318,18.477468
Treble State 701H,FME Treble,2024-12-01,3935,2705,27.666985,19.018855
Treble State 701H,FME Treble,2025-01-01,3782,2156,26.591242,15.158836
Treble State 701H,FME Treble,2025-02-01,0,0,20.453179,14.251837
Treble State 701H,FME Treble,2025-03-01,-33.96,3174.12,-0.23877276,22.31723772
Treble State 701H,FME Treble,2025-04-01,3735.02,5875.77,26.260785,41.31253887
Treble State 701H,FME Treble,2025-05-01,439.78,308.16,3.09209318,2.16667296
Treble State 701H,FME Treble,2025-06-01,1799.78,1443.98,12.6558,9.906679
Treble State 701H,FME Treble,2025-07-01,3659.46,2685.47,25.72966326,18.88153957
Treble State 701H,FME Treble,2025-08-01,4055.83,3275.52,28.51654073,22.449983
Treble State 701H,FME Treble,2025-09-01,3768.7,3098.03,26.4977297,21.78224893
Treble State 701H,FME Treble,2025-10-01,3248.38,2655.83,22.83935978,18.203259
Treble State 701H,FME Treble,2025-11-01,4268.5,3591.99,30.015339,24.622562
Treble State 701H,FME Treble,2025-12-01,3088.7,3181.62,21.711728,21.810162
Treble State 701H,FME Treble,2026-01-01,2093.02,2228.91,14.71602362,15.67146621
Treble State 701H,FME Treble,2026-02-01,2277.11,2350.81,16.01036041,16.52854511
Treble State 801H,FME Treble,2024-01-01,10700,8409,75.2317,59.123679
Treble State 801H,FME Treble,2024-02-01,12970,11543,91.19207,81.158833
Treble State 801H,FME Treble,2024-03-01,7983,6598,56.128473,46.390538
Treble State 801H,FME Treble,2024-04-01,8696,8205,61.141576,57.689355
Treble State 801H,FME Treble,2024-05-01,7524,6782,52.901244,47.684242
Treble State 801H,FME Treble,2024-06-01,6970,6603,49.00607,46.425693
Treble State 801H,FME Treble,2024-07-01,6497,5836,45.680407,41.032916
Treble State 801H,FME Treble,2024-08-01,5872,4491,41.286032,31.576221
Treble State 801H,FME Treble,2024-09-01,5748,4532,40.414188,31.864492
Treble State 801H,FME Treble,2024-10-01,5146,3958,36.181526,27.828698
Treble State 801H,FME Treble,2024-11-01,5089,4030,35.780759,28.33493
Treble State 801H,FME Treble,2024-12-01,4923,4004,34.613613,28.152124
Treble State 801H,FME Treble,2025-01-01,4759,3493,33.460529,24.559283
Treble State 801H,FME Treble,2025-02-01,0,0,23.560881,27.055288
Treble State 801H,FME Treble,2025-03-01,-21.18,4696.15,-0.14891658,33.01863065
Treble State 801H,FME Treble,2025-04-01,4440.2,5324.46,31.2190462,37.43627826
Treble State 801H,FME Treble,2025-05-01,4189.45,4246.12,29.45602295,29.85446972
Treble State 801H,FME Treble,2025-06-01,4380.56,4342.04,30.802811,29.762223
Treble State 801H,FME Treble,2025-07-01,645.92,729.98,4.54146352,5.13248938
Treble State 801H,FME Treble,2025-08-01,0,0,0,0
Treble State 801H,FME Treble,2025-09-01,1763.41,1893.61,12.39853571,12.979226
Treble State 801H,FME Treble,2025-10-01,4120.2,4162.17,28.9691262,29.26421727
Treble State 801H,FME Treble,2025-11-01,3587.31,4036.02,25.220197,27.666985
Treble State 801H,FME Treble,2025-12-01,2784.16,3097.26,19.574304,21.23362
Treble State 801H,FME Treble,2026-01-01,1149.51,1264.32,8.08220481,8.88943392
Treble State 801H,FME Treble,2026-02-01,3095.85,3381.31,21.76692135,23.77399061
WAYZETTA 408-1336H,EOG Apricot-Wayzetta,2024-10-01,18140.44,8185.77,326.96329056,147.54031848
WAYZETTA 408-1336H,EOG Apricot-Wayzetta,2024-11-01,23181.03,10290.17,417.81488472,185.47002408
WAYZETTA 408-1336H,EOG Apricot-Wayzetta,2024-12-01,21333.08,9864.39,384.50743392,177.79576536
WAYZETTA 408-1336H,EOG Apricot-Wayzetta,2025-01-01,17471.81,8267.96,314.91190344,149.02171104
WAYZETTA 408-1336H,EOG Apricot-Wayzetta,2025-02-01,11964.64,5828.94,215.65067136,105.06081456
WAYZETTA 408-1336H,EOG Apricot-Wayzetta,2025-03-01,14796.93,7931.56,266.69986632,142.95843744
WAYZETTA 408-1336H,EOG Apricot-Wayzetta,2025-04-01,14163,8739.22,255.273912,157.51570128
WAYZETTA 408-1336H,EOG Apricot-Wayzetta,2025-05-01,12129.43,9661.9,218.62084632,174.1460856
WAYZETTA 408-1336H,EOG Apricot-Wayzetta,2025-06-01,12737.48,8102.96,229.58033952,146.04775104
WAYZETTA 408-1336H,EOG Apricot-Wayzetta,2025-07-01,14537.48,8005.81,262.02353952,144.29671944
WAYZETTA 408-1336H,EOG Apricot-Wayzetta,2025-08-01,10654.88,7390.57,192.04355712,133.20763368
WAYZETTA 408-1336H,EOG Apricot-Wayzetta,2025-09-01,9239.11,6531.85,166.52571864,117.7300644
WAYZETTA 408-1336H,EOG Apricot-Wayzetta,2025-10-01,8566.64,5742.04,154.40511936,103.49452896
WAYZETTA 408-1336H,EOG Apricot-Wayzetta,2025-11-01,11136.11,7578.09,200.71724664,136.58749416
WAYZETTA 408-1336H,EOG Apricot-Wayzetta,2025-12-01,14158.66,10412.62,255.19568784,187.67706288
WAYZETTA 408-1336H,EOG Apricot-Wayzetta,2026-01-01,14943.93,12388.84,269.34939432,223.29645216
WAYZETTA 408-1336H,EOG Apricot-Wayzetta,2026-02-01,12721.91,10885.24,229.29970584,196.19556576
WAYZETTA 408-1336H,EOG Apricot-Wayzetta,2026-03-01,13582.42,11909.45,244.80953808,214.6559268
WAYZETTA 408-1336H,EOG Apricot-Wayzetta,2026-04-01,5685.32,5117.58,102.47220768,92.23926192
WAYZETTA 409-1336H,EOG Apricot-Wayzetta,2024-10-01,16413.35,7337.65,295.8342204,132.2538036
WAYZETTA 409-1336H,EOG Apricot-Wayzetta,2024-11-01,23480.94,10624.62,423.22046256,191.49815088
WAYZETTA 409-1336H,EOG Apricot-Wayzetta,2024-12-01,16253.64,8073.89,292.95560736,145.52379336
WAYZETTA 409-1336H,EOG Apricot-Wayzetta,2025-01-01,11614.36,6274.28,209.33722464,113.08762272
WAYZETTA 409-1336H,EOG Apricot-Wayzetta,2025-02-01,21099.22,10093.26,380.29234128,181.92091824
WAYZETTA 409-1336H,EOG Apricot-Wayzetta,2025-03-01,19379.94,9836.4,349.30403856,177.2912736
WAYZETTA 409-1336H,EOG Apricot-Wayzetta,2025-04-01,21107.04,11251.83,380.43328896,202.80298392
WAYZETTA 409-1336H,EOG Apricot-Wayzetta,2025-05-01,25992.18,13832.85,468.48305232,249.3232884
WAYZETTA 409-1336H,EOG Apricot-Wayzetta,2025-06-01,18899.85,12929.24,340.6508964,233.03662176
WAYZETTA 409-1336H,EOG Apricot-Wayzetta,2025-07-01,14394.42,12442.62,259.44502608,224.26578288
WAYZETTA 409-1336H,EOG Apricot-Wayzetta,2025-08-01,16324.51,12536.49,294.23296824,225.95769576
WAYZETTA 409-1336H,EOG Apricot-Wayzetta,2025-09-01,9598.33,7520.32,173.00029992,135.54624768
WAYZETTA 409-1336H,EOG Apricot-Wayzetta,2025-10-01,15066.78,11277.41,271.56364272,203.26403784
WAYZETTA 409-1336H,EOG Apricot-Wayzetta,2025-11-01,8338.98,6344.95,150.30177552,114.3613788
WAYZETTA 409-1336H,EOG Apricot-Wayzetta,2025-12-01,10489.12,8537.12,189.05589888,153.87305088
WAYZETTA 409-1336H,EOG Apricot-Wayzetta,2026-01-01,5519.7,5053.94,99.4870728,91.09221456
WAYZETTA 409-1336H,EOG Apricot-Wayzetta,2026-02-01,5963.06,5440.1,107.47819344,98.0523624
WAYZETTA 409-1336H,EOG Apricot-Wayzetta,2026-03-01,8533.94,7676.31,153.81573456,138.35781144
WAYZETTA 409-1336H,EOG Apricot-Wayzetta,2026-04-01,2938.69,3004.68,52.96694856,54.15635232
